,mseed,best_predicted_class,all_predicted_classes,prob_r_mean,prob_r_std,prob_e_mean,prob_e_std,prob_l_mean,prob_l_std,prob_h_mean,prob_h_std,prob_t_mean,prob_t_std,count,MVO_subclass,GT_subclass
0,/home/thompsong/DATA/MVO/miniseed_c/MVOE_/1997/04/9704-15-0658-30S.MVO_18_1.mseed,h,['h'],0.008,0.023,0.011,0.029,0.118,0.134,0.792,0.135,0.077,0.136,34,['h'],['h']
1,/home/thompsong/DATA/MVO/miniseed_c/MVOE_/1996/10/9610-26-0835-57S.MVO_21_2.mseed,h,['h'],0.027,0.076,0.041,0.081,0.16,0.128,0.761,0.129,0.032,0.093,34,['h'],['h']
2,/home/thompsong/DATA/MVO/miniseed_c/MVOE_/1997/04/9704-02-2344-43S.MVO_18_1.mseed,e,['e' 'r'],0.483,0.409,0.772,0.128,0.076,0.113,0.039,0.072,0.016,0.055,34,['e'],['e' 'r']
3,/home/thompsong/DATA/MVO/miniseed_c/MVOE_/1996/10/9610-25-1044-51S.MVO_21_1.mseed,h,['h'],0.047,0.103,0.038,0.097,0.053,0.096,0.82,0.144,0.062,0.12,34,['h'],['h']
4,/home/thompsong/DATA/MVO/miniseed_c/MVOE_/1996/10/9610-25-0720-42S.MVO_21_1.mseed,h,['h'],0.024,0.069,0.01,0.026,0.066,0.099,0.886,0.113,0.019,0.03,34,['h'],['h']
5,/home/thompsong/DATA/MVO/miniseed_c/MVOE_/1996/10/9610-30-0818-01S.MVO_21_1.mseed,r,['r'],0.819,0.153,0.179,0.121,0.052,0.077,0.033,0.09,0.006,0.014,34,['r'],['r']
6,/home/thompsong/DATA/MVO/miniseed_c/MVOE_/2001/08/2001-08-06-0435-32S.MVO___018.mseed,l,['l'],0.058,0.094,0.018,0.018,0.813,0.109,0.072,0.087,0.048,0.102,10,['r'],['l']
7,/home/thompsong/DATA/MVO/miniseed_c/MVOE_/1997/04/9704-05-0302-25S.MVO_18_1.mseed,t,['t'],0.027,0.071,0.02,0.063,0.058,0.103,0.142,0.132,0.763,0.14,34,['t'],['t']
8,/home/thompsong/DATA/MVO/miniseed_c/MVOE_/1997/04/9704-20-2347-28S.MVO_18_1.mseed,l,['l'],0.054,0.113,0.038,0.094,0.789,0.145,0.127,0.123,0.012,0.026,34,['l'],['l']
9,/home/thompsong/DATA/MVO/miniseed_c/MVOE_/1998/04/9804-01-0951-19S.MVO_18_1.mseed,t,['t'],0.0,0.0,0.01,,0.0,0.0,0.255,0.049,0.74,0.057,2,['h'],['t']
10,/home/thompsong/DATA/MVO/miniseed_c/MVOE_/2001/08/2001-08-08-1344-24S.MVO___018.mseed,r,['r'],0.79,0.178,0.068,0.05,0.05,0.106,0.064,0.09,0.062,0.135,10,['e'],['r']
11,/home/thompsong/DATA/MVO/miniseed_c/MVOE_/1997/04/9704-11-1840-27S.MVO_18_1.mseed,e,['e' 'r'],0.507,0.413,0.762,0.131,0.027,0.058,0.073,0.102,0.012,0.025,32,['e'],['e' 'r']
12,/home/thompsong/DATA/MVO/miniseed_c/MVOE_/1997/04/9704-07-1500-39S.MVO_18_1.mseed,r,['r'],0.896,0.136,0.175,0.146,0.013,0.037,0.003,0.006,0.0,0.0,34,['e'],['r']
13,/home/thompsong/DATA/MVO/miniseed_c/MVOE_/1998/04/9804-21-1939-01S.MVO_13_1.mseed,t,['t'],0.006,0.016,0.0,0.0,0.027,0.072,0.149,0.135,0.818,0.154,16,['t'],['t']
14,/home/thompsong/DATA/MVO/miniseed_c/MVOE_/1997/04/9704-03-2110-25S.MVO_18_1.mseed,t,['t'],0.012,0.045,0.018,0.061,0.061,0.099,0.087,0.114,0.83,0.135,34,['t'],['t']
15,/home/thompsong/DATA/MVO/miniseed_c/MVOE_/1997/04/9704-02-1756-27S.MVO_18_1.mseed,l,['l'],0.059,0.122,0.019,0.044,0.772,0.143,0.13,0.149,0.029,0.058,34,['l'],['l']
16,/home/thompsong/DATA/MVO/miniseed_c/MVOE_/1997/04/9704-08-1740-24S.MVO_18_1.mseed,l,['l'],0.02,0.049,0.021,0.053,0.784,0.094,0.118,0.113,0.069,0.085,34,['l'],['l']
17,/home/thompsong/DATA/MVO/miniseed_c/MVOE_/1997/04/9704-11-0841-16S.MVO_18_1.mseed,e,['e' 'r'],0.567,0.408,0.774,0.11,0.026,0.065,0.02,0.051,0.0,0.0,34,['e'],['e' 'r']
18,/home/thompsong/DATA/MVO/miniseed_c/MVOE_/1997/04/9704-01-1229-06S.MVO_18_1.mseed,e,['e' 'r'],0.547,0.45,0.855,0.152,0.023,0.07,0.002,0.008,0.0,0.0,34,['e'],['e' 'r']
19,/home/thompsong/DATA/MVO/miniseed_c/MVOE_/1997/04/9704-20-2213-51S.MVO_18_1.mseed,l,['l'],0.082,0.116,0.037,0.071,0.762,0.129,0.076,0.09,0.061,0.103,34,['l'],['l']
20,/home/thompsong/DATA/MVO/miniseed_c/MVOE_/2000/11/2000-11-21-2353-27S.MVO___019.mseed,e,['r' 'e'],0.511,0.444,0.852,0.147,0.016,0.034,0.046,0.109,0.001,0.003,16,['r'],['r' 'e']
21,/home/thompsong/DATA/MVO/miniseed_c/MVOE_/1997/04/9704-02-2308-37S.MVO_18_1.mseed,t,['t'],0.001,0.004,0.001,0.005,0.047,0.099,0.072,0.096,0.879,0.134,34,['t'],['t']
22,/home/thompsong/DATA/MVO/miniseed_c/MVOE_/1997/04/9704-01-0431-51S.MVO_18_1.mseed,e,['e' 'r'],0.527,0.43,0.822,0.137,0.025,0.078,0.007,0.029,0.029,0.085,34,['e'],['e' 'r']
23,/home/thompsong/DATA/MVO/miniseed_c/MVOE_/1997/04/9704-01-0424-38S.MVO_18_1.mseed,e,['e' 'r'],0.553,0.424,0.812,0.126,0.016,0.059,0.022,0.063,0.002,0.01,34,['e'],['e' 'r']
24,/home/thompsong/DATA/MVO/miniseed_c/MVOE_/1997/04/9704-01-0755-34S.MVO_18_1.mseed,l,['l'],0.033,0.067,0.025,0.071,0.794,0.123,0.096,0.102,0.065,0.101,34,['l'],['l']
25,/home/thompsong/DATA/MVO/miniseed_c/MVOE_/1997/04/9704-03-0404-29S.MVO_18_1.mseed,l,['l'],0.079,0.115,0.056,0.117,0.752,0.125,0.104,0.132,0.038,0.09,34,['l'],['l']
26,/home/thompsong/DATA/MVO/miniseed_c/MVOE_/2000/03/2000-03-28-2300-29S.MVO___019.mseed,h,['h'],0.046,0.085,0.014,0.021,0.083,0.111,0.735,0.154,0.129,0.164,14,['h'],['h']
27,/home/thompsong/DATA/MVO/miniseed_c/MVOE_/1998/04/9804-13-1131-17S.MVO_18_1.mseed,t,['t'],0.0,0.0,0.0,0.0,0.026,0.044,0.118,0.118,0.856,0.108,10,['t'],['t']
28,/home/thompsong/DATA/MVO/miniseed_c/MVOE_/1998/10/9810-18-1514-56S.MVO_13_1.mseed,t,['t'],0.001,0.005,0.002,0.007,0.0,0.0,0.097,0.114,0.901,0.117,16,['t'],['t']
29,/home/thompsong/DATA/MVO/miniseed_c/MVOE_/1997/04/9704-18-2035-46S.MVO_18_1.mseed,l,['l'],0.087,0.122,0.033,0.054,0.735,0.134,0.149,0.124,0.012,0.023,28,['l'],['l']
30,/home/thompsong/DATA/MVO/miniseed_c/MVOE_/1997/04/9704-25-1616-40S.MVO_18_1.mseed,e,['e' 'r'],0.554,0.453,0.875,0.122,0.006,0.02,0.003,0.013,0.0,0.0,30,['e'],['e' 'r']
31,/home/thompsong/DATA/MVO/miniseed_c/MVOE_/1996/10/9610-25-0745-27S.MVO_21_1.mseed,h,['h'],0.074,0.116,0.049,0.083,0.111,0.124,0.748,0.121,0.042,0.09,34,['h'],['h']
32,/home/thompsong/DATA/MVO/miniseed_c/MVOE_/1997/04/9704-03-1429-12S.MVO_18_1.mseed,t,['t'],0.034,0.084,0.017,0.061,0.014,0.026,0.108,0.119,0.836,0.141,28,['t'],['t']
33,/home/thompsong/DATA/MVO/miniseed_c/MVOE_/1996/10/9610-25-0851-01S.MVO_21_1.mseed,h,['h'],0.017,0.045,0.015,0.058,0.106,0.133,0.801,0.128,0.068,0.109,34,['h'],['h']
34,/home/thompsong/DATA/MVO/miniseed_c/MVOE_/1997/04/9704-19-0135-19S.MVO_18_1.mseed,e,['e' 'r'],0.471,0.423,0.795,0.145,0.076,0.09,0.049,0.083,0.006,0.025,34,['e'],['e' 'r']
35,/home/thompsong/DATA/MVO/miniseed_c/MVOE_/1997/04/9704-02-2335-13S.MVO_18_1.mseed,t,['t'],0.005,0.026,0.009,0.039,0.046,0.083,0.099,0.103,0.845,0.131,34,['t'],['t']
36,/home/thompsong/DATA/MVO/miniseed_c/MVOE_/1996/10/9610-26-1647-36S.MVO_21_1.mseed,r,['r'],0.856,0.154,0.155,0.147,0.021,0.034,0.045,0.099,0.0,0.0,34,['r'],['r']
37,/home/thompsong/DATA/MVO/miniseed_c/MVOE_/1996/10/9610-28-1123-38S.MVO_21_1.mseed,r,['r'],0.822,0.151,0.101,0.131,0.061,0.1,0.039,0.091,0.027,0.082,34,['r'],['r']
38,/home/thompsong/DATA/MVO/miniseed_c/MVOE_/1998/10/9810-10-1220-32S.MVO_13_1.mseed,t,['t'],0.0,0.0,0.0,0.0,0.001,0.003,0.077,0.105,0.922,0.104,10,['t'],['t']
39,/home/thompsong/DATA/MVO/miniseed_c/MVOE_/1997/04/9704-01-0929-28S.MVO_18_1.mseed,e,['e' 'r'],0.451,0.405,0.739,0.133,0.065,0.097,0.087,0.117,0.027,0.073,34,['e'],['e' 'r']
40,/home/thompsong/DATA/MVO/miniseed_c/MVOE_/1997/04/9704-08-0142-38S.MVO_18_1.mseed,e,['e' 'r'],0.581,0.418,0.794,0.153,0.016,0.03,0.003,0.009,0.003,0.01,34,['e'],['e' 'r']
41,/home/thompsong/DATA/MVO/miniseed_c/MVOE_/1997/04/9704-01-1839-12S.MVO_18_1.mseed,l,['l'],0.106,0.153,0.051,0.083,0.711,0.126,0.116,0.156,0.041,0.077,34,['l'],['l']
42,/home/thompsong/DATA/MVO/miniseed_c/MVOE_/2001/03/2001-03-07-1039-00S.MVO___019.mseed,r,['r'],0.816,0.144,0.058,0.112,0.051,0.097,0.046,0.08,0.059,0.107,16,['r'],['r']
43,/home/thompsong/DATA/MVO/miniseed_c/MVOE_/1996/10/9610-24-0641-25S.MVO_21_1.mseed,h,['h'],0.027,0.062,0.024,0.073,0.06,0.091,0.887,0.104,0.015,0.03,34,['h'],['h']
44,/home/thompsong/DATA/MVO/miniseed_c/MVOE_/1996/10/9610-30-0439-42S.MVO_21_1.mseed,r,['r'],0.847,0.132,0.129,0.14,0.05,0.062,0.024,0.059,0.015,0.051,34,['r'],['r']
45,/home/thompsong/DATA/MVO/miniseed_c/MVOE_/1997/04/9704-04-0135-05S.MVO_18_1.mseed,h,['h'],0.033,0.07,0.051,0.104,0.114,0.111,0.798,0.118,0.03,0.06,32,['h'],['h']
46,/home/thompsong/DATA/MVO/miniseed_c/MVOE_/1997/04/9704-04-0018-14S.MVO_18_1.mseed,t,['t'],0.044,0.098,0.041,0.077,0.078,0.102,0.14,0.125,0.717,0.131,34,['t'],['t']
47,/home/thompsong/DATA/MVO/miniseed_c/MVOE_/2000/02/2000-02-28-0834-56S.MVO___019.mseed,h,['h'],0.059,0.091,0.066,0.07,0.143,0.118,0.731,0.086,0.034,0.078,16,['h'],['h']
48,/home/thompsong/DATA/MVO/miniseed_c/MVOE_/1996/10/9610-25-0615-22S.MVO_21_1.mseed,h,['h'],0.032,0.065,0.035,0.074,0.067,0.092,0.854,0.135,0.031,0.071,34,['h'],['h']
49,/home/thompsong/DATA/MVO/miniseed_c/MVOE_/1997/04/9704-05-0552-00S.MVO_18_1.mseed,t,['t'],0.008,0.02,0.012,0.029,0.056,0.092,0.153,0.123,0.778,0.139,32,['t'],['t']
50,/home/thompsong/DATA/MVO/miniseed_c/MVOE_/1998/10/9810-31-1328-35S.MVO_13_1.mseed,t,['t'],0.0,0.0,0.0,0.0,0.001,0.005,0.109,0.148,0.889,0.15,16,['t'],['t']
51,/home/thompsong/DATA/MVO/miniseed_c/MVOE_/2001/08/2001-08-06-0709-47S.MVO___018.mseed,l,['l'],0.047,0.074,0.054,0.09,0.803,0.1,0.116,0.089,0.007,0.016,10,['l'],['l']
52,/home/thompsong/DATA/MVO/miniseed_c/MVOE_/1997/04/9704-01-0229-59S.MVO_18_1.mseed,e,['e' 'r'],0.56,0.436,0.835,0.124,0.021,0.082,0.001,0.006,0.0,0.0,34,['e'],['e' 'r']
53,/home/thompsong/DATA/MVO/miniseed_c/MVOE_/1998/04/9804-25-1304-30S.MVO_13_1.mseed,t,['t'],0.001,0.005,0.006,0.018,0.003,0.009,0.107,0.116,0.886,0.122,16,['t'],['t']
54,/home/thompsong/DATA/MVO/miniseed_c/MVOE_/1996/10/9610-26-1240-43S.MVO_21_2.mseed,h,['h'],0.051,0.094,0.039,0.084,0.065,0.103,0.836,0.14,0.029,0.073,34,['h'],['h']
55,/home/thompsong/DATA/MVO/miniseed_c/MVOE_/1997/04/9704-11-1847-51S.MVO_18_1.mseed,r,['r'],0.86,0.154,0.198,0.137,0.034,0.082,0.005,0.02,0.002,0.007,32,['e'],['r']
56,/home/thompsong/DATA/MVO/miniseed_c/MVOE_/2001/11/2001-11-23-0524-25S.MVO___015.mseed,l,['l'],0.085,0.112,0.074,0.093,0.808,0.089,0.018,0.021,0.053,0.073,16,['l'],['l']
57,/home/thompsong/DATA/MVO/miniseed_c/MVOE_/1997/04/9704-02-2303-59S.MVO_18_1.mseed,e,['e' 'r'],0.497,0.416,0.769,0.138,0.041,0.088,0.074,0.116,0.003,0.009,34,['e'],['e' 'r']
58,/home/thompsong/DATA/MVO/miniseed_c/MVOE_/2001/11/2001-11-20-0310-36S.MVO___015.mseed,e,['r' 'e'],0.363,0.375,0.714,0.125,0.162,0.142,0.042,0.048,0.076,0.122,16,['e'],['r' 'e']
59,/home/thompsong/DATA/MVO/miniseed_c/MVOE_/1998/10/9810-18-1500-36S.MVO_13_1.mseed,h,['h'],0.059,0.099,0.0,0.0,0.038,0.085,0.712,0.087,0.19,0.158,16,['t'],['h']
60,/home/thompsong/DATA/MVO/miniseed_c/MVOE_/1997/04/9704-08-1959-27S.MVO_18_1.mseed,e,['e' 'r'],0.559,0.433,0.828,0.133,0.012,0.033,0.015,0.057,0.0,0.002,34,['e'],['e' 'r']
61,/home/thompsong/DATA/MVO/miniseed_c/MVOE_/1997/04/9704-01-0029-33S.MVO_18_1.mseed,l,['l'],0.101,0.126,0.05,0.092,0.736,0.146,0.116,0.118,0.021,0.041,34,['l'],['l']
62,/home/thompsong/DATA/MVO/miniseed_c/MVOE_/1997/04/9704-05-1114-46S.MVO_18_1.mseed,e,['e' 'r'],0.407,0.39,0.727,0.134,0.105,0.134,0.048,0.108,0.077,0.138,34,['e'],['e' 'r']
63,/home/thompsong/DATA/MVO/miniseed_c/MVOE_/1998/04/9804-07-0606-44S.MVO_18_1.mseed,h,['h'],0.005,0.007,0.0,,0.005,0.007,0.88,0.028,0.11,0.014,2,['h'],['h']
64,/home/thompsong/DATA/MVO/miniseed_c/MVOE_/1997/04/9704-01-0910-48S.MVO_18_1.mseed,l,['l'],0.072,0.122,0.043,0.109,0.72,0.111,0.13,0.131,0.057,0.114,32,['l'],['l']
65,/home/thompsong/DATA/MVO/miniseed_c/MVOE_/1996/10/9610-25-0720-25S.MVO_21_2.mseed,h,['h'],0.026,0.077,0.014,0.043,0.059,0.094,0.881,0.123,0.026,0.079,34,['h'],['h']
66,/home/thompsong/DATA/MVO/miniseed_c/MVOE_/1996/10/9610-26-1150-30S.MVO_21_2.mseed,h,['h'],0.042,0.073,0.026,0.066,0.08,0.104,0.799,0.149,0.066,0.108,34,['h'],['h']
67,/home/thompsong/DATA/MVO/miniseed_c/MVOE_/2001/11/2001-11-22-0901-02S.MVO___015.mseed,l,['l'],0.021,0.039,0.019,0.032,0.79,0.153,0.172,0.137,0.007,0.015,16,['l'],['l']
68,/home/thompsong/DATA/MVO/miniseed_c/MVOE_/1997/04/9704-02-2221-05S.MVO_18_1.mseed,l,['l'],0.105,0.123,0.057,0.085,0.727,0.122,0.079,0.109,0.061,0.122,34,['l'],['l']
69,/home/thompsong/DATA/MVO/miniseed_c/MVOE_/1997/04/9704-05-0245-34S.MVO_18_1.mseed,t,['t'],0.003,0.009,0.0,0.0,0.052,0.1,0.096,0.108,0.85,0.123,34,['t'],['t']
70,/home/thompsong/DATA/MVO/miniseed_c/MVOE_/1997/04/9704-03-0058-31S.MVO_18_1.mseed,e,['e' 'r'],0.518,0.434,0.829,0.143,0.045,0.071,0.019,0.057,0.004,0.017,34,['e'],['e' 'r']
71,/home/thompsong/DATA/MVO/miniseed_c/MVOE_/1996/10/9610-25-0624-34S.MVO_21_1.mseed,h,['h'],0.017,0.057,0.012,0.028,0.057,0.084,0.808,0.151,0.112,0.124,34,['h'],['h']
72,/home/thompsong/DATA/MVO/miniseed_c/MVOE_/1997/04/9704-02-2030-35S.MVO_18_1.mseed,r,['r'],0.877,0.14,0.193,0.125,0.023,0.068,0.003,0.013,0.0,0.0,34,['e'],['r']
73,/home/thompsong/DATA/MVO/miniseed_c/MVOE_/1998/04/9804-08-1252-12S.MVO_18_1.mseed,t,['t'],0.0,0.0,0.02,,0.045,0.007,0.055,0.021,0.89,0.042,2,['t'],['t']
74,/home/thompsong/DATA/MVO/miniseed_c/MVOE_/2001/09/2001-09-27-0347-33S.MVO___014.mseed,r,['r'],0.794,0.154,0.096,0.116,0.083,0.109,0.045,0.062,0.029,0.078,16,['r'],['r']
75,/home/thompsong/DATA/MVO/miniseed_c/MVOE_/1997/04/9704-04-0130-03S.MVO_18_1.mseed,h,['h'],0.019,0.061,0.016,0.062,0.097,0.135,0.822,0.15,0.054,0.098,32,['h'],['h']
76,/home/thompsong/DATA/MVO/miniseed_c/MVOE_/2001/08/2001-08-01-0145-28S.MVO___018.mseed,l,['l'],0.008,0.018,0.012,0.016,0.666,0.105,0.245,0.11,0.075,0.037,10,['r'],['l']
77,/home/thompsong/DATA/MVO/miniseed_c/MVOE_/1997/04/9704-27-2234-06S.MVO_18_1.mseed,e,['e' 'r'],0.459,0.408,0.746,0.142,0.066,0.09,0.073,0.111,0.029,0.076,34,['e'],['e' 'r']
78,/home/thompsong/DATA/MVO/miniseed_c/MVOE_/1996/10/9610-24-1647-18S.MVO_21_1.mseed,r,['r'],0.679,0.106,0.032,0.085,0.096,0.127,0.124,0.147,0.085,0.141,34,['r'],['r']
79,/home/thompsong/DATA/MVO/miniseed_c/MVOE_/1996/10/9610-28-0423-16S.MVO_21_1.mseed,r,['r'],0.839,0.149,0.13,0.117,0.08,0.123,0.015,0.054,0.001,0.003,34,['r'],['r']
80,/home/thompsong/DATA/MVO/miniseed_c/MVOE_/1997/04/9704-01-1542-32S.MVO_18_1.mseed,l,['l'],0.064,0.103,0.011,0.027,0.798,0.16,0.104,0.147,0.029,0.07,34,['l'],['l']
81,/home/thompsong/DATA/MVO/miniseed_c/MVOE_/1997/04/9704-08-0825-23S.MVO_18_1.mseed,r,['r'],0.909,0.122,0.146,0.123,0.016,0.063,0.002,0.006,0.0,0.0,34,['e'],['r']
82,/home/thompsong/DATA/MVO/miniseed_c/MVOE_/1997/04/9704-03-0126-41S.MVO_18_1.mseed,l,['l'],0.087,0.112,0.051,0.08,0.742,0.142,0.086,0.119,0.059,0.101,34,['l'],['l']
83,/home/thompsong/DATA/MVO/miniseed_c/MVOE_/2001/08/2001-08-10-1048-51S.MVO___018.mseed,l,['l'],0.057,0.086,0.08,0.118,0.755,0.088,0.146,0.122,0.002,0.004,10,['l'],['l']
84,/home/thompsong/DATA/MVO/miniseed_c/MVOE_/1997/04/9704-01-1058-19S.MVO_18_1.mseed,l,['l'],0.039,0.099,0.088,0.138,0.775,0.15,0.111,0.13,0.03,0.074,34,['l'],['l']
85,/home/thompsong/DATA/MVO/miniseed_c/MVOE_/1997/04/9704-07-1352-44S.MVO_18_1.mseed,e,['e' 'r'],0.508,0.439,0.834,0.16,0.017,0.036,0.041,0.099,0.018,0.05,34,['e'],['e' 'r']
86,/home/thompsong/DATA/MVO/miniseed_c/MVOE_/1998/10/9810-10-0843-37S.MVO_13_1.mseed,l,['l'],0.175,0.135,0.012,0.022,0.789,0.136,0.03,0.039,0.0,0.0,10,['e'],['l']
87,/home/thompsong/DATA/MVO/miniseed_c/MVOE_/1996/10/9610-25-0615-05S.MVO_21_2.mseed,h,['h'],0.031,0.061,0.017,0.032,0.061,0.09,0.887,0.094,0.012,0.02,34,['h'],['h']
88,/home/thompsong/DATA/MVO/miniseed_c/MVOE_/2001/08/2001-08-07-0003-09S.MVO___018.mseed,l,['l'],0.065,0.097,0.024,0.043,0.81,0.097,0.059,0.051,0.054,0.114,10,['r'],['l']
89,/home/thompsong/DATA/MVO/miniseed_c/MVOE_/2001/11/2001-11-20-0126-55S.MVO___015.mseed,l,['l'],0.039,0.098,0.055,0.107,0.776,0.157,0.106,0.093,0.051,0.11,16,['l'],['l']
90,/home/thompsong/DATA/MVO/miniseed_c/MVOE_/2001/08/2001-08-01-1904-56S.MVO___018.mseed,h,['h'],0.017,0.038,0.024,0.03,0.255,0.096,0.709,0.089,0.007,0.013,10,['l'],['h']
91,/home/thompsong/DATA/MVO/miniseed_c/MVOE_/1997/04/9704-20-1821-35S.MVO_18_1.mseed,l,['l'],0.091,0.146,0.068,0.125,0.747,0.146,0.106,0.129,0.022,0.056,34,['l'],['l']
92,/home/thompsong/DATA/MVO/miniseed_c/MVOE_/1997/04/9704-02-1815-54S.MVO_18_1.mseed,e,['e' 'r'],0.452,0.393,0.742,0.126,0.078,0.117,0.097,0.136,0.001,0.004,32,['e'],['e' 'r']
93,/home/thompsong/DATA/MVO/miniseed_c/MVOE_/1998/04/9804-07-0540-24S.MVO_18_1.mseed,t,['t'],0.02,0.028,0.09,,0.02,0.014,0.08,0.0,0.835,0.021,2,['t'],['t']
94,/home/thompsong/DATA/MVO/miniseed_c/MVOE_/1996/10/9610-25-0833-14S.MVO_21_1.mseed,h,['h'],0.035,0.086,0.04,0.072,0.086,0.12,0.789,0.13,0.069,0.118,34,['h'],['h']
95,/home/thompsong/DATA/MVO/miniseed_c/MVOE_/1999/12/9912-12-1216-28S.MVO_19_1.mseed,t,['t'],0.039,0.091,0.011,0.025,0.014,0.038,0.115,0.113,0.827,0.114,16,['t'],['t']
96,/home/thompsong/DATA/MVO/miniseed_c/MVOE_/1997/04/9704-02-2307-00S.MVO_18_1.mseed,t,['t'],0.001,0.004,0.0,0.0,0.003,0.013,0.088,0.087,0.908,0.092,34,['t'],['t']
97,/home/thompsong/DATA/MVO/miniseed_c/MVOE_/2001/11/2001-11-24-0755-37S.MVO___015.mseed,e,['r' 'e'],0.454,0.384,0.674,0.095,0.122,0.146,0.024,0.022,0.064,0.123,14,['l'],['r' 'e']
98,/home/thompsong/DATA/MVO/miniseed_c/MVOE_/1998/04/9804-02-0808-15S.MVO_18_1.mseed,t,['t'],0.035,0.049,0.06,,0.065,0.021,0.11,0.028,0.76,0.0,2,['t'],['t']
99,/home/thompsong/DATA/MVO/miniseed_c/MVOE_/2002/04/2002-04-14-1317-20S.MVO___014.mseed,e,['r' 'e'],0.396,0.374,0.722,0.092,0.171,0.122,0.064,0.078,0.008,0.013,16,['l'],['r' 'e']
100,/home/thompsong/DATA/MVO/miniseed_c/MVOE_/2002/04/2002-04-17-2342-01S.MVO___014.mseed,l,['l'],0.041,0.084,0.051,0.1,0.809,0.118,0.078,0.068,0.046,0.119,16,['l'],['l']
101,/home/thompsong/DATA/MVO/miniseed_c/MVOE_/1999/12/9912-17-1543-41S.MVO_19_1.mseed,h,['h'],0.072,0.099,0.015,0.032,0.097,0.094,0.782,0.127,0.041,0.068,16,['r'],['h']
102,/home/thompsong/DATA/MVO/miniseed_c/MVOE_/1997/04/9704-27-1938-27S.MVO_18_1.mseed,e,['e' 'r'],0.53,0.415,0.782,0.147,0.031,0.063,0.046,0.098,0.001,0.006,34,['e'],['e' 'r']
103,/home/thompsong/DATA/MVO/miniseed_c/MVOE_/1996/10/9610-28-1815-34S.MVO_21_1.mseed,r,['r'],0.801,0.161,0.14,0.136,0.057,0.078,0.069,0.114,0.002,0.01,34,['r'],['r']
104,/home/thompsong/DATA/MVO/miniseed_c/MVOE_/1997/04/9704-03-2210-11S.MVO_18_1.mseed,t,['t'],0.026,0.073,0.007,0.027,0.04,0.083,0.076,0.09,0.855,0.142,32,['t'],['t']
105,/home/thompsong/DATA/MVO/miniseed_c/MVOE_/1998/04/9804-15-1349-48S.MVO_13_1.mseed,t,['t'],0.006,0.015,0.0,0.0,0.0,0.0,0.122,0.137,0.872,0.146,16,['t'],['t']
106,/home/thompsong/DATA/MVO/miniseed_c/MVOE_/1996/10/9610-24-0451-46S.MVO_21_1.mseed,h,['h'],0.042,0.089,0.019,0.053,0.111,0.132,0.766,0.139,0.071,0.126,34,['h'],['h']
107,/home/thompsong/DATA/MVO/miniseed_c/MVOE_/1997/04/9704-18-0059-02S.MVO_18_1.mseed,h,['h'],0.016,0.049,0.015,0.044,0.05,0.09,0.775,0.147,0.152,0.168,34,['h'],['h']
108,/home/thompsong/DATA/MVO/miniseed_c/MVOE_/1998/10/9810-12-0731-22S.MVO_13_1.mseed,r,['r'],0.729,0.134,0.085,0.115,0.087,0.083,0.106,0.116,0.036,0.073,16,['r'],['r']
109,/home/thompsong/DATA/MVO/miniseed_c/MVOE_/2000/11/2000-11-21-0159-35S.MVO___019.mseed,e,['r' 'e'],0.474,0.394,0.71,0.121,0.096,0.152,0.034,0.046,0.041,0.094,16,['e'],['r' 'e']
110,/home/thompsong/DATA/MVO/miniseed_c/MVOE_/1998/04/9804-19-2013-02S.MVO_13_1.mseed,t,['t'],0.039,0.086,0.01,0.028,0.011,0.026,0.104,0.126,0.84,0.148,16,['t'],['t']
111,/home/thompsong/DATA/MVO/miniseed_c/MVOE_/1997/04/9704-17-1054-45S.MVO_18_1.mseed,e,['e' 'r'],0.533,0.415,0.771,0.15,0.018,0.037,0.063,0.131,0.002,0.005,34,['e'],['e' 'r']
112,/home/thompsong/DATA/MVO/miniseed_c/MVOE_/1998/04/9804-02-0117-50S.MVO_18_1.mseed,h,['h'],0.0,0.0,0.03,,0.085,0.007,0.865,0.035,0.035,0.007,2,['h'],['h']
113,/home/thompsong/DATA/MVO/miniseed_c/MVOE_/1996/10/9610-26-0533-53S.MVO_21_1.mseed,r,['r'],0.859,0.143,0.096,0.126,0.032,0.062,0.044,0.099,0.016,0.056,34,['e'],['r']
114,/home/thompsong/DATA/MVO/miniseed_c/MVOE_/1997/04/9704-03-1934-25S.MVO_18_1.mseed,t,['t'],0.013,0.052,0.003,0.01,0.037,0.094,0.097,0.119,0.852,0.157,34,['t'],['t']
115,/home/thompsong/DATA/MVO/miniseed_c/MVOE_/1997/04/9704-01-0520-41S.MVO_18_1.mseed,h,['h'],0.041,0.105,0.046,0.103,0.097,0.102,0.801,0.133,0.038,0.067,34,['l'],['h']
116,/home/thompsong/DATA/MVO/miniseed_c/MVOE_/1998/04/9804-02-0857-03S.MVO_18_1.mseed,r,['r'],0.89,0.156,0.22,,0.0,0.0,0.0,0.0,0.0,0.0,2,['r'],['r']
117,/home/thompsong/DATA/MVO/miniseed_c/MVOE_/1997/04/9704-03-2132-22S.MVO_18_1.mseed,t,['t'],0.007,0.024,0.002,0.005,0.036,0.101,0.101,0.11,0.855,0.13,32,['t'],['t']
118,/home/thompsong/DATA/MVO/miniseed_c/MVOE_/1997/04/9704-28-1942-17S.MVO_18_1.mseed,l,['l'],0.047,0.097,0.048,0.102,0.755,0.132,0.098,0.109,0.077,0.128,34,['l'],['l']
119,/home/thompsong/DATA/MVO/miniseed_c/MVOE_/1996/10/9610-25-0832-24S.MVO_21_1.mseed,h,['h'],0.063,0.108,0.052,0.104,0.134,0.154,0.741,0.16,0.036,0.063,34,['h'],['h']
120,/home/thompsong/DATA/MVO/miniseed_c/MVOE_/1996/10/9610-26-1241-01S.MVO_21_1.mseed,h,['h'],0.044,0.101,0.021,0.072,0.059,0.078,0.872,0.11,0.014,0.027,34,['h'],['h']
121,/home/thompsong/DATA/MVO/miniseed_c/MVOE_/1997/04/9704-05-1801-50S.MVO_18_1.mseed,h,['h'],0.013,0.038,0.008,0.024,0.032,0.074,0.766,0.126,0.184,0.142,34,['h'],['h']
122,/home/thompsong/DATA/MVO/miniseed_c/MVOE_/1997/04/9704-03-0132-05S.MVO_18_1.mseed,e,['e' 'r'],0.494,0.4,0.741,0.128,0.057,0.093,0.047,0.091,0.032,0.081,34,['e'],['e' 'r']
123,/home/thompsong/DATA/MVO/miniseed_c/MVOE_/1997/04/9704-01-1132-05S.MVO_18_1.mseed,l,['l'],0.044,0.09,0.024,0.078,0.754,0.144,0.177,0.146,0.014,0.029,34,['l'],['l']
124,/home/thompsong/DATA/MVO/miniseed_c/MVOE_/1996/10/9610-24-0227-45S.MVO_21_1.mseed,t,['t'],0.051,0.094,0.016,0.034,0.116,0.104,0.124,0.112,0.7,0.116,34,['h'],['t']
125,/home/thompsong/DATA/MVO/miniseed_c/MVOE_/1997/04/9704-01-0607-06S.MVO_18_1.mseed,l,['l'],0.038,0.068,0.065,0.109,0.775,0.125,0.124,0.143,0.03,0.057,34,['l'],['l']
126,/home/thompsong/DATA/MVO/miniseed_c/MVOE_/1997/04/9704-18-2007-34S.MVO_18_1.mseed,h,['h'],0.019,0.056,0.019,0.057,0.079,0.098,0.757,0.127,0.135,0.131,34,['h'],['h']
127,/home/thompsong/DATA/MVO/miniseed_c/MVOE_/1996/10/9610-25-0408-49S.MVO_21_1.mseed,h,['h'],0.05,0.09,0.05,0.092,0.108,0.116,0.775,0.144,0.042,0.085,34,['h'],['h']
128,/home/thompsong/DATA/MVO/miniseed_c/MVOE_/2001/11/2001-11-23-0816-32S.MVO___015.mseed,l,['l'],0.041,0.055,0.044,0.065,0.734,0.117,0.152,0.116,0.051,0.114,16,['l'],['l']
129,/home/thompsong/DATA/MVO/miniseed_c/MVOE_/1997/04/9704-09-1549-17S.MVO_18_1.mseed,l,['l'],0.081,0.113,0.032,0.073,0.761,0.139,0.131,0.146,0.011,0.03,34,['l'],['l']
130,/home/thompsong/DATA/MVO/miniseed_c/MVOE_/1997/04/9704-14-2155-16S.MVO_18_1.mseed,e,['e' 'r'],0.558,0.422,0.806,0.108,0.012,0.035,0.027,0.087,0.0,0.002,34,['e'],['e' 'r']
131,/home/thompsong/DATA/MVO/miniseed_c/MVOE_/1997/04/9704-02-1433-40S.MVO_18_1.mseed,t,['t'],0.021,0.058,0.002,0.007,0.015,0.061,0.106,0.136,0.856,0.136,34,['h'],['t']
132,/home/thompsong/DATA/MVO/miniseed_c/MVOE_/1998/04/9804-28-0544-05S.MVO_13_1.mseed,t,['t'],0.002,0.007,0.0,0.0,0.078,0.142,0.026,0.043,0.894,0.149,16,['t'],['t']
133,/home/thompsong/DATA/MVO/miniseed_c/MVOE_/1998/10/9810-30-2327-16S.MVO_13_1.mseed,t,['t'],0.001,0.002,0.0,0.0,0.019,0.035,0.104,0.118,0.876,0.145,16,['t'],['t']
134,/home/thompsong/DATA/MVO/miniseed_c/MVOE_/1997/04/9704-11-2253-06S.MVO_18_1.mseed,e,['e' 'r'],0.529,0.425,0.819,0.108,0.029,0.064,0.018,0.049,0.014,0.051,32,['e'],['e' 'r']
135,/home/thompsong/DATA/MVO/miniseed_c/MVOE_/1997/04/9704-13-1428-54S.MVO_18_1.mseed,e,['e' 'r'],0.529,0.439,0.821,0.157,0.038,0.098,0.003,0.008,0.02,0.06,34,['e'],['e' 'r']
136,/home/thompsong/DATA/MVO/miniseed_c/MVOE_/1997/04/9704-28-2248-37S.MVO_18_1.mseed,l,['l'],0.077,0.111,0.067,0.115,0.741,0.126,0.106,0.143,0.043,0.098,32,['l'],['l']
137,/home/thompsong/DATA/MVO/miniseed_c/MVOE_/2001/03/2001-03-07-1135-07S.MVO___019.mseed,r,['r'],0.854,0.151,0.149,0.163,0.025,0.035,0.016,0.04,0.031,0.08,14,['r'],['r']
138,/home/thompsong/DATA/MVO/miniseed_c/MVOE_/2001/03/2001-03-01-2137-46S.MVO___019.mseed,t,['t'],0.014,0.052,0.032,0.084,0.032,0.087,0.097,0.127,0.841,0.135,16,['t'],['t']
139,/home/thompsong/DATA/MVO/miniseed_c/MVOE_/1997/04/9704-03-2129-20S.MVO_18_1.mseed,t,['t'],0.018,0.067,0.018,0.063,0.046,0.104,0.104,0.113,0.823,0.157,34,['t'],['t']
140,/home/thompsong/DATA/MVO/miniseed_c/MVOE_/1997/04/9704-14-1543-35S.MVO_18_1.mseed,e,['e' 'r'],0.487,0.44,0.824,0.166,0.037,0.078,0.045,0.09,0.019,0.066,34,['e'],['e' 'r']
141,/home/thompsong/DATA/MVO/miniseed_c/MVOE_/1997/04/9704-11-0319-47S.MVO_18_1.mseed,e,['e' 'r'],0.546,0.452,0.879,0.122,0.012,0.04,0.002,0.006,0.001,0.002,34,['e'],['e' 'r']
142,/home/thompsong/DATA/MVO/miniseed_c/MVOE_/1997/04/9704-13-1152-39S.MVO_18_1.mseed,h,['h'],0.027,0.07,0.035,0.084,0.055,0.081,0.858,0.138,0.042,0.084,34,['h'],['h']
143,/home/thompsong/DATA/MVO/miniseed_c/MVOE_/1998/04/9804-13-2224-28S.MVO_18_1.mseed,h,['h'],0.019,0.06,0.034,0.076,0.001,0.003,0.704,0.091,0.259,0.112,10,['t'],['h']
144,/home/thompsong/DATA/MVO/miniseed_c/MVOE_/1997/04/9704-03-1936-30S.MVO_18_1.mseed,t,['t'],0.004,0.019,0.006,0.019,0.013,0.028,0.159,0.138,0.821,0.14,34,['t'],['t']
145,/home/thompsong/DATA/MVO/miniseed_c/MVOE_/1996/10/9610-31-0202-26S.MVO_21_1.mseed,h,['h'],0.032,0.069,0.014,0.046,0.091,0.105,0.84,0.128,0.03,0.067,34,['h'],['h']
146,/home/thompsong/DATA/MVO/miniseed_c/MVOE_/2001/03/2001-03-06-2124-49S.MVO___019.mseed,r,['r'],0.82,0.17,0.175,0.147,0.052,0.097,0.038,0.105,0.002,0.006,16,['r'],['r']
147,/home/thompsong/DATA/MVO/miniseed_c/MVOE_/1997/04/9704-10-1226-10S.MVO_18_1.mseed,l,['l'],0.072,0.115,0.038,0.083,0.729,0.1,0.148,0.127,0.032,0.069,32,['l'],['l']
148,/home/thompsong/DATA/MVO/miniseed_c/MVOE_/1997/04/9704-03-2128-15S.MVO_18_1.mseed,t,['t'],0.002,0.014,0.005,0.017,0.014,0.035,0.091,0.124,0.891,0.132,34,['t'],['t']
149,/home/thompsong/DATA/MVO/miniseed_c/MVOE_/1996/10/9610-25-0748-04S.MVO_21_1.mseed,h,['h'],0.057,0.102,0.048,0.095,0.081,0.11,0.799,0.131,0.039,0.062,34,['h'],['h']
150,/home/thompsong/DATA/MVO/miniseed_c/MVOE_/1997/04/9704-01-1018-04S.MVO_18_1.mseed,l,['l'],0.072,0.098,0.067,0.1,0.791,0.113,0.089,0.097,0.014,0.024,34,['l'],['l']
151,/home/thompsong/DATA/MVO/miniseed_c/MVOE_/1997/04/9704-19-2259-09S.MVO_18_1.mseed,l,['l'],0.09,0.132,0.055,0.099,0.79,0.14,0.086,0.121,0.006,0.019,34,['l'],['l']
152,/home/thompsong/DATA/MVO/miniseed_c/MVOE_/1998/04/9804-28-0757-44S.MVO_13_1.mseed,t,['t'],0.064,0.106,0.009,0.025,0.001,0.002,0.155,0.114,0.776,0.15,16,['t'],['t']
153,/home/thompsong/DATA/MVO/miniseed_c/MVOE_/2001/03/2001-03-06-2113-28S.MVO___019.mseed,r,['r'],0.844,0.13,0.091,0.131,0.086,0.115,0.024,0.04,0.001,0.003,16,['r'],['r']
154,/home/thompsong/DATA/MVO/miniseed_c/MVOE_/1997/04/9704-15-0707-11S.MVO_18_1.mseed,h,['h'],0.049,0.091,0.052,0.099,0.068,0.107,0.8,0.154,0.058,0.104,34,['h'],['h']
155,/home/thompsong/DATA/MVO/miniseed_c/MVOE_/1997/04/9704-01-0106-33S.MVO_18_1.mseed,l,['l'],0.083,0.132,0.076,0.127,0.803,0.153,0.07,0.108,0.006,0.019,34,['l'],['l']
156,/home/thompsong/DATA/MVO/miniseed_c/MVOE_/1997/04/9704-01-2239-05S.MVO_18_1.mseed,l,['l'],0.066,0.102,0.052,0.095,0.771,0.136,0.061,0.091,0.076,0.097,34,['l'],['l']
157,/home/thompsong/DATA/MVO/miniseed_c/MVOE_/1996/10/9610-30-2217-51S.MVO_21_2.mseed,h,['h'],0.005,0.016,0.009,0.025,0.117,0.132,0.795,0.133,0.079,0.118,32,['h'],['h']
158,/home/thompsong/DATA/MVO/miniseed_c/MVOE_/1997/04/9704-15-0842-25S.MVO_18_1.mseed,h,['h'],0.004,0.019,0.009,0.034,0.057,0.097,0.853,0.128,0.083,0.119,34,['h'],['h']
159,/home/thompsong/DATA/MVO/miniseed_c/MVOE_/1998/10/9810-23-1828-29S.MVO_13_1.mseed,l,['l'],0.042,0.074,0.08,0.099,0.794,0.114,0.123,0.133,0.001,0.003,16,['l'],['l']
160,/home/thompsong/DATA/MVO/miniseed_c/MVOE_/1997/04/9704-01-0348-40S.MVO_18_1.mseed,l,['l'],0.046,0.101,0.072,0.116,0.778,0.139,0.117,0.13,0.023,0.059,34,['l'],['l']
161,/home/thompsong/DATA/MVO/miniseed_c/MVOE_/1997/04/9704-03-0331-38S.MVO_18_1.mseed,l,['l'],0.034,0.09,0.01,0.029,0.767,0.145,0.144,0.143,0.05,0.092,34,['l'],['l']
162,/home/thompsong/DATA/MVO/miniseed_c/MVOE_/1996/10/9610-27-2230-44S.MVO_21_1.mseed,e,['e' 'r'],0.518,0.417,0.772,0.13,0.076,0.126,0.018,0.054,0.002,0.008,34,['e'],['e' 'r']
163,/home/thompsong/DATA/MVO/miniseed_c/MVOE_/1997/04/9704-09-1347-03S.MVO_18_1.mseed,r,['r'],0.888,0.133,0.144,0.14,0.026,0.066,0.013,0.053,0.001,0.004,34,['e'],['r']
164,/home/thompsong/DATA/MVO/miniseed_c/MVOE_/1998/04/9804-07-1651-59S.MVO_18_1.mseed,t,['t'],0.015,0.021,0.0,,0.02,0.0,0.14,0.028,0.825,0.007,2,['t'],['t']
165,/home/thompsong/DATA/MVO/miniseed_c/MVOE_/1997/04/9704-17-1301-58S.MVO_18_1.mseed,l,['l'],0.085,0.119,0.055,0.087,0.797,0.128,0.066,0.09,0.025,0.07,34,['l'],['l']
166,/home/thompsong/DATA/MVO/miniseed_c/MVOE_/1998/04/9804-03-1754-24S.MVO_18_1.mseed,t,['t'],0.002,0.005,0.005,0.007,0.008,0.015,0.138,0.153,0.85,0.168,4,['t'],['t']
167,/home/thompsong/DATA/MVO/miniseed_c/MVOE_/1997/04/9704-01-0421-27S.MVO_18_1.mseed,l,['l'],0.089,0.128,0.024,0.045,0.739,0.129,0.134,0.142,0.026,0.061,34,['l'],['l']
168,/home/thompsong/DATA/MVO/miniseed_c/MVOE_/1997/04/9704-01-1630-14S.MVO_18_1.mseed,e,['e' 'r'],0.494,0.404,0.755,0.121,0.071,0.101,0.026,0.069,0.031,0.079,30,['e'],['e' 'r']
169,/home/thompsong/DATA/MVO/miniseed_c/MVOE_/1997/04/9704-29-0221-06S.MVO_18_1.mseed,l,['l'],0.078,0.112,0.079,0.125,0.803,0.127,0.061,0.106,0.018,0.036,34,['l'],['l']
170,/home/thompsong/DATA/MVO/miniseed_c/MVOE_/1997/04/9704-01-0521-13S.MVO_18_1.mseed,l,['l'],0.105,0.147,0.055,0.109,0.771,0.149,0.059,0.099,0.037,0.071,34,['l'],['l']
171,/home/thompsong/DATA/MVO/miniseed_c/MVOE_/1996/10/9610-27-0808-38S.MVO_21_1.mseed,r,['r'],0.726,0.139,0.074,0.101,0.092,0.107,0.105,0.121,0.04,0.074,34,['r'],['r']
172,/home/thompsong/DATA/MVO/miniseed_c/MVOE_/1998/10/9810-08-0633-22S.MVO_13_1.mseed,r,['r'],0.685,0.079,0.068,0.099,0.18,0.145,0.101,0.164,0.0,0.0,8,['r'],['r']
173,/home/thompsong/DATA/MVO/miniseed_c/MVOE_/2002/04/2002-04-29-2151-22S.MVO___014.mseed,r,['r'],0.975,0.063,0.05,0.087,0.0,0.0,0.0,0.0,0.0,0.0,8,['r'],['r']
174,/home/thompsong/DATA/MVO/miniseed_c/MVOE_/1997/04/9704-01-1526-08S.MVO_18_1.mseed,l,['l'],0.083,0.123,0.096,0.118,0.738,0.112,0.114,0.112,0.017,0.035,34,['l'],['l']
175,/home/thompsong/DATA/MVO/miniseed_c/MVOE_/1997/04/9704-16-1015-10S.MVO_18_1.mseed,h,['h'],0.045,0.107,0.036,0.098,0.081,0.089,0.792,0.141,0.064,0.094,34,['h'],['h']
176,/home/thompsong/DATA/MVO/miniseed_c/MVOE_/2001/09/2001-09-15-1036-48S.MVO___014.mseed,l,['l'],0.187,0.152,0.162,0.163,0.714,0.165,0.012,0.023,0.006,0.013,10,['l'],['l']
177,/home/thompsong/DATA/MVO/miniseed_c/MVOE_/1997/04/9704-01-1202-14S.MVO_18_1.mseed,l,['l'],0.06,0.081,0.031,0.054,0.752,0.132,0.156,0.138,0.017,0.051,34,['l'],['l']
178,/home/thompsong/DATA/MVO/miniseed_c/MVOE_/1997/04/9704-05-0414-30S.MVO_18_1.mseed,t,['t'],0.008,0.031,0.021,0.063,0.072,0.131,0.104,0.13,0.805,0.177,32,['t'],['t']
179,/home/thompsong/DATA/MVO/miniseed_c/MVOE_/1996/10/9610-24-1859-19S.MVO_21_1.mseed,t,['t'],0.028,0.08,0.026,0.095,0.121,0.135,0.077,0.106,0.762,0.141,32,['t'],['t']
180,/home/thompsong/DATA/MVO/miniseed_c/MVOE_/2001/08/2001-08-03-2134-36S.MVO___018.mseed,l,['l'],0.088,0.104,0.016,0.023,0.748,0.081,0.059,0.056,0.097,0.126,10,['l'],['l']
181,/home/thompsong/DATA/MVO/miniseed_c/MVOE_/2000/03/2000-03-28-1945-38S.MVO___019.mseed,t,['t'],0.017,0.058,0.032,0.073,0.008,0.012,0.059,0.057,0.901,0.131,12,['t'],['t']
182,/home/thompsong/DATA/MVO/miniseed_c/MVOE_/1997/04/9704-23-0227-28S.MVO_18_1.mseed,l,['l'],0.046,0.091,0.077,0.116,0.771,0.148,0.125,0.129,0.019,0.051,34,['l'],['l']
183,/home/thompsong/DATA/MVO/miniseed_c/MVOE_/1997/04/9704-15-0757-59S.MVO_18_1.mseed,h,['h'],0.013,0.031,0.008,0.018,0.102,0.131,0.806,0.15,0.075,0.114,32,['h'],['h']
184,/home/thompsong/DATA/MVO/miniseed_c/MVOE_/2001/03/2001-03-07-0258-02S.MVO___019.mseed,r,['r'],0.852,0.143,0.146,0.144,0.018,0.033,0.056,0.093,0.0,0.0,16,['r'],['r']
185,/home/thompsong/DATA/MVO/miniseed_c/MVOE_/1997/04/9704-10-1935-37S.MVO_18_1.mseed,t,['t'],0.0,0.002,0.001,0.003,0.069,0.132,0.138,0.146,0.792,0.163,34,['t'],['t']
186,/home/thompsong/DATA/MVO/miniseed_c/MVOE_/1997/04/9704-13-2031-57S.MVO_18_1.mseed,e,['e' 'r'],0.514,0.429,0.814,0.121,0.068,0.116,0.01,0.024,0.0,0.002,34,['e'],['e' 'r']
187,/home/thompsong/DATA/MVO/miniseed_c/MVOE_/1998/04/9804-05-1343-52S.MVO_18_1.mseed,h,['h'],0.002,0.005,0.0,0.0,0.0,0.0,0.71,0.074,0.288,0.076,4,['t'],['h']
188,/home/thompsong/DATA/MVO/miniseed_c/MVOE_/1996/10/9610-30-0040-23S.MVO_21_1.mseed,r,['r'],0.764,0.133,0.079,0.101,0.086,0.1,0.068,0.101,0.042,0.088,34,['r'],['r']
189,/home/thompsong/DATA/MVO/miniseed_c/MVOE_/1996/10/9610-26-2004-18S.MVO_21_1.mseed,h,['h'],0.087,0.125,0.038,0.076,0.089,0.103,0.779,0.134,0.026,0.06,34,['h'],['h']
190,/home/thompsong/DATA/MVO/miniseed_c/MVOE_/1997/04/9704-15-1100-51S.MVO_18_1.mseed,h,['h'],0.007,0.025,0.007,0.017,0.047,0.077,0.858,0.134,0.085,0.127,34,['h'],['h']
191,/home/thompsong/DATA/MVO/miniseed_c/MVOE_/1996/10/9610-25-0444-51S.MVO_21_1.mseed,h,['h'],0.034,0.073,0.041,0.1,0.071,0.096,0.838,0.142,0.036,0.038,34,['h'],['h']
192,/home/thompsong/DATA/MVO/miniseed_c/MVOE_/2001/08/2001-08-01-0240-24S.MVO___018.mseed,r,['r'],0.808,0.155,0.056,0.088,0.003,0.007,0.092,0.134,0.069,0.138,10,['r'],['r']
193,/home/thompsong/DATA/MVO/miniseed_c/MVOE_/1996/10/9610-26-1906-15S.MVO_21_1.mseed,h,['h'],0.079,0.107,0.074,0.122,0.098,0.104,0.774,0.138,0.013,0.025,34,['t'],['h']
194,/home/thompsong/DATA/MVO/miniseed_c/MVOE_/1997/04/9704-04-0803-20S.MVO_18_1.mseed,h,['h'],0.001,0.003,0.0,0.0,0.042,0.086,0.694,0.117,0.264,0.142,34,['h'],['h']
195,/home/thompsong/DATA/MVO/miniseed_c/MVOE_/2001/08/2001-08-02-2203-08S.MVO___018.mseed,r,['r'],0.757,0.167,0.08,0.168,0.069,0.128,0.044,0.055,0.09,0.113,10,['l'],['r']
196,/home/thompsong/DATA/MVO/miniseed_c/MVOE_/1997/04/9704-03-0254-21S.MVO_18_1.mseed,l,['l'],0.032,0.08,0.047,0.085,0.804,0.123,0.088,0.111,0.053,0.089,34,['l'],['l']
197,/home/thompsong/DATA/MVO/miniseed_c/MVOE_/1996/10/9610-26-0731-32S.MVO_21_1.mseed,h,['h'],0.028,0.04,0.024,0.037,0.14,0.152,0.775,0.156,0.045,0.087,34,['h'],['h']
198,/home/thompsong/DATA/MVO/miniseed_c/MVOE_/1998/04/9804-03-1951-42S.MVO_18_1.mseed,t,['t'],0.002,0.005,0.0,0.0,0.002,0.005,0.032,0.039,0.962,0.048,4,['t'],['t']
199,/home/thompsong/DATA/MVO/miniseed_c/MVOE_/1997/04/9704-03-0043-24S.MVO_18_1.mseed,l,['l'],0.068,0.109,0.071,0.094,0.709,0.105,0.15,0.133,0.037,0.068,34,['l'],['l']
200,/home/thompsong/DATA/MVO/miniseed_c/MVOE_/1996/10/9610-25-0545-18S.MVO_21_1.mseed,t,['t'],0.064,0.111,0.054,0.097,0.106,0.118,0.116,0.144,0.687,0.097,34,['h'],['t']
201,/home/thompsong/DATA/MVO/miniseed_c/MVOE_/1997/04/9704-17-1326-15S.MVO_18_1.mseed,l,['l'],0.045,0.105,0.032,0.073,0.801,0.149,0.105,0.126,0.032,0.079,34,['l'],['l']
202,/home/thompsong/DATA/MVO/miniseed_c/MVOE_/1997/04/9704-05-0132-58S.MVO_18_1.mseed,t,['t'],0.026,0.076,0.05,0.113,0.02,0.062,0.12,0.129,0.809,0.176,30,['t'],['t']
203,/home/thompsong/DATA/MVO/miniseed_c/MVOE_/1997/04/9704-16-0929-41S.MVO_18_1.mseed,h,['h'],0.037,0.077,0.032,0.081,0.101,0.139,0.819,0.151,0.027,0.06,34,['h'],['h']
204,/home/thompsong/DATA/MVO/miniseed_c/MVOE_/1997/04/9704-10-1240-42S.MVO_18_1.mseed,l,['l'],0.116,0.131,0.023,0.061,0.702,0.084,0.153,0.136,0.017,0.047,34,['l'],['l']
205,/home/thompsong/DATA/MVO/miniseed_c/MVOE_/1997/04/9704-30-2321-06S.MVO_18_1.mseed,e,['e' 'r'],0.514,0.437,0.836,0.138,0.012,0.027,0.056,0.094,0.0,0.002,34,['e'],['e' 'r']
206,/home/thompsong/DATA/MVO/miniseed_c/MVOE_/1996/10/9610-31-1601-00S.MVO_21_1.mseed,r,['r'],0.784,0.146,0.112,0.144,0.07,0.106,0.083,0.115,0.008,0.023,32,['t'],['r']
207,/home/thompsong/DATA/MVO/miniseed_c/MVOE_/1997/04/9704-12-0010-30S.MVO_18_1.mseed,r,['r'],0.861,0.145,0.159,0.127,0.042,0.105,0.017,0.049,0.0,0.0,32,['e'],['r']
208,/home/thompsong/DATA/MVO/miniseed_c/MVOE_/1997/04/9704-15-0845-32S.MVO_18_1.mseed,h,['h'],0.014,0.05,0.002,0.005,0.106,0.122,0.849,0.13,0.031,0.066,34,['h'],['h']
209,/home/thompsong/DATA/MVO/miniseed_c/MVOE_/1998/04/9804-20-0609-32S.MVO_13_1.mseed,t,['t'],0.001,0.002,0.0,0.0,0.0,0.0,0.177,0.128,0.822,0.128,16,['t'],['t']
210,/home/thompsong/DATA/MVO/miniseed_c/MVOE_/1997/04/9704-16-1007-47S.MVO_18_1.mseed,h,['h'],0.076,0.118,0.014,0.046,0.044,0.072,0.766,0.161,0.107,0.149,34,['h'],['h']
211,/home/thompsong/DATA/MVO/miniseed_c/MVOE_/1998/10/9810-08-0150-48S.MVO_13_1.mseed,r,['r'],0.66,0.059,0.02,0.034,0.139,0.116,0.081,0.103,0.11,0.083,8,['r'],['r']
212,/home/thompsong/DATA/MVO/miniseed_c/MVOE_/1997/04/9704-03-1947-17S.MVO_18_1.mseed,t,['t'],0.086,0.115,0.071,0.11,0.106,0.125,0.11,0.139,0.662,0.093,34,['e'],['t']
213,/home/thompsong/DATA/MVO/miniseed_c/MVOE_/1997/04/9704-05-1156-54S.MVO_18_1.mseed,e,['e' 'r'],0.503,0.42,0.787,0.145,0.069,0.106,0.018,0.072,0.017,0.058,34,['e'],['e' 'r']
214,/home/thompsong/DATA/MVO/miniseed_c/MVOE_/2001/03/2001-03-07-0154-48S.MVO___019.mseed,r,['r'],0.848,0.147,0.117,0.149,0.068,0.11,0.024,0.039,0.002,0.006,14,['r'],['r']
215,/home/thompsong/DATA/MVO/miniseed_c/MVOE_/2001/03/2001-03-06-2229-23S.MVO___019.mseed,r,['r'],0.876,0.154,0.148,0.119,0.049,0.106,0.0,0.0,0.001,0.003,16,['r'],['r']
216,/home/thompsong/DATA/MVO/miniseed_c/MVOE_/1998/04/9804-21-1718-07S.MVO_13_1.mseed,t,['t'],0.0,0.0,0.0,0.0,0.001,0.003,0.054,0.087,0.944,0.088,16,['t'],['t']
217,/home/thompsong/DATA/MVO/miniseed_c/MVOE_/1998/04/9804-27-1924-50S.MVO_13_1.mseed,t,['t'],0.015,0.034,0.0,0.0,0.004,0.011,0.07,0.106,0.911,0.139,16,['t'],['t']
218,/home/thompsong/DATA/MVO/miniseed_c/MVOE_/1998/04/9804-05-0952-29S.MVO_18_1.mseed,t,['t'],0.01,0.014,0.0,,0.02,0.0,0.05,0.014,0.92,0.0,2,['t'],['t']
219,/home/thompsong/DATA/MVO/miniseed_c/MVOE_/1998/04/9804-29-0455-40S.MVO_13_1.mseed,t,['t'],0.026,0.05,0.021,0.046,0.032,0.083,0.124,0.091,0.807,0.138,16,['t'],['t']
220,/home/thompsong/DATA/MVO/miniseed_c/MVOE_/1997/04/9704-08-1231-02S.MVO_18_1.mseed,r,['r'],0.879,0.142,0.214,0.131,0.014,0.045,0.0,0.0,0.0,0.0,34,['e'],['r']
221,/home/thompsong/DATA/MVO/miniseed_c/MVOE_/1997/04/9704-04-0830-14S.MVO_18_1.mseed,l,['l'],0.054,0.088,0.088,0.13,0.769,0.136,0.115,0.126,0.018,0.056,34,['l'],['l']
222,/home/thompsong/DATA/MVO/miniseed_c/MVOE_/1997/04/9704-12-0705-02S.MVO_18_1.mseed,e,['e' 'r'],0.549,0.441,0.835,0.142,0.016,0.033,0.017,0.062,0.0,0.0,32,['e'],['e' 'r']
223,/home/thompsong/DATA/MVO/miniseed_c/MVOE_/1996/10/9610-30-0239-56S.MVO_21_1.mseed,t,['t'],0.057,0.113,0.04,0.065,0.124,0.127,0.126,0.149,0.672,0.115,34,['t'],['t']
224,/home/thompsong/DATA/MVO/miniseed_c/MVOE_/1998/04/9804-06-0357-27S.MVO_18_1.mseed,t,['t'],0.0,0.0,0.01,,0.005,0.007,0.06,0.028,0.93,0.042,2,['t'],['t']
225,/home/thompsong/DATA/MVO/miniseed_c/MVOE_/2001/03/2001-03-06-2146-22S.MVO___019.mseed,r,['r'],0.88,0.143,0.231,0.111,0.003,0.007,0.0,0.0,0.001,0.003,16,['r'],['r']
226,/home/thompsong/DATA/MVO/miniseed_c/MVOE_/1996/10/9610-29-2020-14S.MVO_21_1.mseed,r,['r'],0.787,0.152,0.088,0.113,0.097,0.117,0.049,0.087,0.023,0.061,34,['r'],['r']
227,/home/thompsong/DATA/MVO/miniseed_c/MVOE_/1997/04/9704-01-1346-30S.MVO_18_1.mseed,l,['l'],0.04,0.079,0.031,0.068,0.811,0.151,0.063,0.104,0.071,0.116,34,['l'],['l']
228,/home/thompsong/DATA/MVO/miniseed_c/MVOE_/1996/10/9610-27-2259-20S.MVO_21_2.mseed,h,['h'],0.042,0.084,0.036,0.076,0.066,0.117,0.832,0.139,0.042,0.076,34,['h'],['h']
229,/home/thompsong/DATA/MVO/miniseed_c/MVOE_/2000/03/2000-03-25-2139-05S.MVO___019.mseed,r,['r'],0.8,0.158,0.046,0.108,0.078,0.109,0.019,0.032,0.08,0.085,14,['r'],['r']
230,/home/thompsong/DATA/MVO/miniseed_c/MVOE_/1998/04/9804-09-1958-09S.MVO_18_1.mseed,h,['h'],0.028,0.047,0.034,0.061,0.188,0.14,0.685,0.113,0.082,0.153,10,['h'],['h']
231,/home/thompsong/DATA/MVO/miniseed_c/MVOE_/1996/10/9610-25-1044-33S.MVO_21_2.mseed,h,['h'],0.033,0.085,0.02,0.067,0.089,0.129,0.794,0.147,0.074,0.118,34,['h'],['h']
232,/home/thompsong/DATA/MVO/miniseed_c/MVOE_/1998/10/9810-18-1335-36S.MVO_13_1.mseed,t,['t'],0.001,0.003,0.0,0.0,0.056,0.107,0.059,0.063,0.884,0.126,16,['t'],['t']
233,/home/thompsong/DATA/MVO/miniseed_c/MVOE_/1997/04/9704-23-1154-09S.MVO_18_1.mseed,l,['l'],0.046,0.097,0.034,0.088,0.767,0.12,0.107,0.131,0.063,0.105,34,['l'],['l']
234,/home/thompsong/DATA/MVO/miniseed_c/MVOE_/1998/04/9804-01-0232-34S.MVO_18_1.mseed,t,['t'],0.0,0.0,0.01,,0.0,0.0,0.04,0.014,0.955,0.021,2,['t'],['t']
235,/home/thompsong/DATA/MVO/miniseed_c/MVOE_/1996/10/9610-23-2235-49S.MVO_21_1.mseed,r,['r'],0.799,0.158,0.069,0.092,0.104,0.112,0.055,0.1,0.008,0.031,34,['e'],['r']
236,/home/thompsong/DATA/MVO/miniseed_c/MVOE_/1996/10/9610-26-0825-06S.MVO_21_1.mseed,h,['h'],0.142,0.16,0.085,0.117,0.076,0.144,0.722,0.157,0.018,0.048,34,['t'],['h']
237,/home/thompsong/DATA/MVO/miniseed_c/MVOE_/1998/04/9804-13-1230-07S.MVO_18_1.mseed,t,['t'],0.023,0.069,0.05,0.112,0.079,0.109,0.094,0.104,0.779,0.172,10,['t'],['t']
238,/home/thompsong/DATA/MVO/miniseed_c/MVOE_/2001/03/2001-03-07-0342-13S.MVO___019.mseed,e,['r' 'e'],0.569,0.445,0.82,0.157,0.016,0.04,0.004,0.011,0.0,0.0,16,['e'],['r' 'e']
239,/home/thompsong/DATA/MVO/miniseed_c/MVOE_/1998/10/9810-24-2337-04S.MVO_13_1.mseed,t,['t'],0.018,0.067,0.038,0.098,0.064,0.073,0.142,0.139,0.757,0.122,16,['h'],['t']
240,/home/thompsong/DATA/MVO/miniseed_c/MVOE_/1997/04/9704-02-0117-19S.MVO_18_1.mseed,l,['l'],0.066,0.117,0.048,0.11,0.779,0.147,0.104,0.116,0.027,0.057,34,['l'],['l']
241,/home/thompsong/DATA/MVO/miniseed_c/MVOE_/1997/04/9704-04-0028-44S.MVO_18_1.mseed,h,['h'],0.055,0.102,0.029,0.054,0.082,0.099,0.766,0.126,0.082,0.113,32,['t'],['h']
242,/home/thompsong/DATA/MVO/miniseed_c/MVOE_/1996/10/9610-29-2349-07S.MVO_21_1.mseed,r,['r'],0.874,0.147,0.186,0.136,0.023,0.083,0.01,0.028,0.0,0.002,34,['r'],['r']
243,/home/thompsong/DATA/MVO/miniseed_c/MVOE_/1997/04/9704-08-1247-36S.MVO_18_1.mseed,e,['e' 'r'],0.529,0.431,0.803,0.156,0.044,0.103,0.026,0.092,0.0,0.0,34,['e'],['e' 'r']
244,/home/thompsong/DATA/MVO/miniseed_c/MVOE_/1996/10/9610-31-0041-49S.MVO_21_1.mseed,h,['h'],0.023,0.056,0.039,0.066,0.116,0.125,0.798,0.129,0.044,0.099,32,['h'],['h']
245,/home/thompsong/DATA/MVO/miniseed_c/MVOE_/1996/10/9610-25-0753-29S.MVO_21_1.mseed,r,['r'],0.782,0.155,0.119,0.137,0.105,0.128,0.021,0.058,0.032,0.091,34,['r'],['r']
246,/home/thompsong/DATA/MVO/miniseed_c/MVOE_/1997/04/9704-11-1713-28S.MVO_18_1.mseed,e,['e' 'r'],0.504,0.413,0.771,0.131,0.059,0.094,0.042,0.088,0.01,0.022,30,['e'],['e' 'r']
247,/home/thompsong/DATA/MVO/miniseed_c/MVOE_/2000/11/2000-11-20-1841-20S.MVO___019.mseed,e,['r' 'e'],0.359,0.378,0.694,0.169,0.142,0.159,0.118,0.121,0.034,0.045,16,['r'],['r' 'e']
248,/home/thompsong/DATA/MVO/miniseed_c/MVOE_/1997/04/9704-04-0125-36S.MVO_18_1.mseed,h,['h'],0.023,0.084,0.023,0.068,0.073,0.116,0.819,0.143,0.074,0.089,34,['h'],['h']
249,/home/thompsong/DATA/MVO/miniseed_c/MVOE_/1996/10/9610-26-0913-26S.MVO_21_2.mseed,h,['h'],0.04,0.085,0.035,0.078,0.071,0.094,0.839,0.134,0.032,0.063,34,['h'],['h']
250,/home/thompsong/DATA/MVO/miniseed_c/MVOE_/1996/10/9610-30-2358-03S.MVO_21_1.mseed,h,['h'],0.082,0.115,0.056,0.099,0.1,0.125,0.734,0.128,0.056,0.112,34,['t'],['h']
251,/home/thompsong/DATA/MVO/miniseed_c/MVOE_/1996/10/9610-25-0624-16S.MVO_21_2.mseed,h,['h'],0.02,0.061,0.025,0.054,0.06,0.112,0.867,0.132,0.041,0.075,34,['h'],['h']
252,/home/thompsong/DATA/MVO/miniseed_c/MVOE_/1997/04/9704-03-2144-57S.MVO_18_1.mseed,t,['t'],0.022,0.06,0.003,0.008,0.063,0.101,0.141,0.112,0.773,0.145,34,['t'],['t']
253,/home/thompsong/DATA/MVO/miniseed_c/MVOE_/2000/02/2000-02-13-2138-36S.MVO___019.mseed,t,['t'],0.067,0.126,0.01,0.024,0.009,0.014,0.142,0.117,0.777,0.15,16,['t'],['t']
254,/home/thompsong/DATA/MVO/miniseed_c/MVOE_/1998/10/9810-29-0151-41S.MVO_13_1.mseed,r,['r'],0.726,0.132,0.049,0.09,0.058,0.081,0.146,0.125,0.047,0.084,16,['r'],['r']
255,/home/thompsong/DATA/MVO/miniseed_c/MVOE_/2000/03/2000-03-21-1815-55S.MVO___019.mseed,t,['t'],0.062,0.103,0.049,0.107,0.029,0.036,0.111,0.161,0.773,0.159,14,['e'],['t']
256,/home/thompsong/DATA/MVO/miniseed_c/MVOE_/1998/04/9804-06-1638-23S.MVO_18_1.mseed,t,['t'],0.0,0.0,0.0,0.0,0.005,0.01,0.052,0.036,0.942,0.045,4,['t'],['t']
257,/home/thompsong/DATA/MVO/miniseed_c/MVOE_/1997/04/9704-15-0808-31S.MVO_18_1.mseed,h,['h'],0.026,0.086,0.01,0.026,0.04,0.075,0.863,0.125,0.066,0.106,34,['h'],['h']
258,/home/thompsong/DATA/MVO/miniseed_c/MVOE_/1998/04/9804-21-1847-54S.MVO_13_1.mseed,h,['h'],0.007,0.015,0.0,0.0,0.003,0.008,0.737,0.124,0.252,0.134,16,['t'],['h']
259,/home/thompsong/DATA/MVO/miniseed_c/MVOE_/1996/10/9610-30-0231-34S.MVO_21_1.mseed,e,['e' 'r'],0.556,0.425,0.818,0.147,0.023,0.045,0.011,0.043,0.001,0.002,34,['e'],['e' 'r']
260,/home/thompsong/DATA/MVO/miniseed_c/MVOE_/1996/10/9610-25-0616-55S.MVO_21_1.mseed,h,['h'],0.117,0.125,0.079,0.119,0.124,0.129,0.7,0.135,0.02,0.035,34,['h'],['h']
261,/home/thompsong/DATA/MVO/miniseed_c/MVOE_/1999/12/9912-11-0523-09S.MVO_19_1.mseed,r,['r'],0.742,0.146,0.036,0.083,0.159,0.142,0.064,0.081,0.017,0.036,16,['r'],['r']
262,/home/thompsong/DATA/MVO/miniseed_c/MVOE_/1997/04/9704-02-2128-29S.MVO_18_1.mseed,l,['l'],0.139,0.148,0.101,0.117,0.741,0.126,0.065,0.104,0.004,0.013,34,['l'],['l']
263,/home/thompsong/DATA/MVO/miniseed_c/MVOE_/1997/04/9704-01-1753-44S.MVO_18_1.mseed,h,['h'],0.097,0.134,0.043,0.077,0.136,0.145,0.721,0.127,0.025,0.055,34,['l'],['h']
264,/home/thompsong/DATA/MVO/miniseed_c/MVOE_/1997/04/9704-01-1405-29S.MVO_18_1.mseed,l,['l'],0.067,0.105,0.054,0.109,0.784,0.124,0.086,0.123,0.035,0.068,34,['l'],['l']
265,/home/thompsong/DATA/MVO/miniseed_c/MVOE_/1998/04/9804-05-0055-15S.MVO_18_1.mseed,t,['t'],0.005,0.007,0.02,,0.005,0.007,0.16,0.042,0.82,0.042,2,['t'],['t']
266,/home/thompsong/DATA/MVO/miniseed_c/MVOE_/1997/04/9704-05-1444-42S.MVO_18_1.mseed,l,['l'],0.067,0.112,0.064,0.104,0.758,0.121,0.115,0.115,0.027,0.074,34,['l'],['l']
267,/home/thompsong/DATA/MVO/miniseed_c/MVOE_/2001/09/2001-09-05-0119-53S.MVO___014.mseed,r,['r'],0.797,0.15,0.109,0.104,0.118,0.13,0.019,0.036,0.012,0.023,16,['e'],['r']
268,/home/thompsong/DATA/MVO/miniseed_c/MVOE_/1997/04/9704-01-1620-41S.MVO_18_1.mseed,r,['r'],0.86,0.167,0.269,0.13,0.0,0.002,0.0,0.0,0.005,0.021,34,['e'],['r']
269,/home/thompsong/DATA/MVO/miniseed_c/MVOE_/1996/10/9610-26-0609-14S.MVO_21_1.mseed,r,['r'],0.816,0.143,0.092,0.115,0.056,0.099,0.08,0.116,0.003,0.012,34,['r'],['r']
270,/home/thompsong/DATA/MVO/miniseed_c/MVOE_/1998/04/9804-05-1257-26S.MVO_18_1.mseed,t,['t'],0.0,0.0,0.0,0.0,0.0,0.0,0.045,0.047,0.955,0.047,4,['t'],['t']
271,/home/thompsong/DATA/MVO/miniseed_c/MVOE_/1997/04/9704-04-0104-52S.MVO_18_1.mseed,t,['t'],0.019,0.052,0.001,0.002,0.052,0.105,0.081,0.104,0.849,0.149,34,['t'],['t']
272,/home/thompsong/DATA/MVO/miniseed_c/MVOE_/2001/03/2001-03-06-2210-54S.MVO___019.mseed,r,['r'],0.909,0.141,0.181,0.155,0.0,0.0,0.0,0.0,0.0,0.0,16,['e'],['r']
273,/home/thompsong/DATA/MVO/miniseed_c/MVOE_/1996/10/9610-29-0127-02S.MVO_21_1.mseed,r,['r'],0.903,0.12,0.129,0.098,0.032,0.079,0.001,0.002,0.0,0.0,34,['e'],['r']
274,/home/thompsong/DATA/MVO/miniseed_c/MVOE_/2001/08/2001-08-04-0225-10S.MVO___018.mseed,l,['l'],0.078,0.126,0.032,0.056,0.725,0.107,0.18,0.163,0.001,0.003,10,['r'],['l']
275,/home/thompsong/DATA/MVO/miniseed_c/MVOE_/2001/08/2001-08-02-1924-52S.MVO___018.mseed,r,['r'],0.778,0.157,0.03,0.062,0.067,0.098,0.075,0.081,0.065,0.103,10,['r'],['r']
276,/home/thompsong/DATA/MVO/miniseed_c/MVOE_/1996/10/9610-25-0630-14S.MVO_21_2.mseed,h,['h'],0.02,0.068,0.017,0.06,0.076,0.105,0.857,0.128,0.038,0.046,34,['h'],['h']
277,/home/thompsong/DATA/MVO/miniseed_c/MVOE_/1996/10/9610-29-1246-42S.MVO_21_1.mseed,r,['r'],0.78,0.15,0.144,0.133,0.071,0.096,0.039,0.096,0.038,0.106,34,['r'],['r']
278,/home/thompsong/DATA/MVO/miniseed_c/MVOE_/1997/04/9704-01-0148-36S.MVO_18_1.mseed,e,['e' 'r'],0.575,0.402,0.774,0.107,0.022,0.054,0.011,0.032,0.005,0.021,34,['e'],['e' 'r']
279,/home/thompsong/DATA/MVO/miniseed_c/MVOE_/1997/04/9704-04-0153-31S.MVO_18_1.mseed,h,['h'],0.022,0.063,0.041,0.094,0.076,0.108,0.707,0.115,0.175,0.157,34,['h'],['h']
280,/home/thompsong/DATA/MVO/miniseed_c/MVOE_/2001/03/2001-03-01-2100-19S.MVO___019.mseed,h,['h'],0.031,0.078,0.003,0.008,0.023,0.042,0.741,0.166,0.204,0.189,14,['h'],['h']
281,/home/thompsong/DATA/MVO/miniseed_c/MVOE_/1997/04/9704-03-2114-32S.MVO_18_1.mseed,t,['t'],0.005,0.02,0.009,0.025,0.03,0.104,0.125,0.119,0.836,0.144,32,['t'],['t']
282,/home/thompsong/DATA/MVO/miniseed_c/MVOE_/1997/04/9704-11-1724-41S.MVO_18_1.mseed,r,['r'],0.753,0.127,0.077,0.134,0.075,0.08,0.1,0.11,0.033,0.067,28,['r'],['r']
283,/home/thompsong/DATA/MVO/miniseed_c/MVOE_/1997/04/9704-01-0659-30S.MVO_18_1.mseed,l,['l'],0.064,0.107,0.049,0.104,0.784,0.127,0.116,0.138,0.012,0.025,34,['l'],['l']
284,/home/thompsong/DATA/MVO/miniseed_c/MVOE_/1998/10/9810-18-1801-49S.MVO_13_1.mseed,t,['t'],0.008,0.026,0.02,0.057,0.001,0.002,0.041,0.087,0.941,0.092,16,['t'],['t']
285,/home/thompsong/DATA/MVO/miniseed_c/MVOE_/1996/10/9610-24-0718-43S.MVO_21_1.mseed,h,['h'],0.021,0.064,0.01,0.026,0.116,0.133,0.803,0.148,0.056,0.092,34,['h'],['h']
286,/home/thompsong/DATA/MVO/miniseed_c/MVOE_/1997/04/9704-01-1932-27S.MVO_18_1.mseed,l,['l'],0.051,0.085,0.064,0.106,0.777,0.13,0.115,0.122,0.026,0.037,34,['l'],['l']
287,/home/thompsong/DATA/MVO/miniseed_c/MVOE_/1996/10/9610-25-0630-32S.MVO_21_1.mseed,h,['h'],0.025,0.068,0.008,0.027,0.036,0.049,0.893,0.085,0.042,0.063,34,['h'],['h']
288,/home/thompsong/DATA/MVO/miniseed_c/MVOE_/1997/04/9704-07-1554-53S.MVO_18_1.mseed,e,['e' 'r'],0.556,0.44,0.846,0.128,0.019,0.07,0.002,0.006,0.0,0.0,34,['e'],['e' 'r']
289,/home/thompsong/DATA/MVO/miniseed_c/MVOE_/1997/04/9704-26-2351-59S.MVO_18_1.mseed,e,['e' 'r'],0.555,0.43,0.804,0.152,0.022,0.057,0.021,0.065,0.0,0.0,32,['e'],['e' 'r']
290,/home/thompsong/DATA/MVO/miniseed_c/MVOE_/1997/04/9704-25-0144-02S.MVO_18_1.mseed,e,['e' 'r'],0.519,0.419,0.795,0.153,0.061,0.092,0.021,0.073,0.001,0.006,34,['e'],['e' 'r']
291,/home/thompsong/DATA/MVO/miniseed_c/MVOE_/1997/04/9704-29-1336-50S.MVO_18_1.mseed,l,['l'],0.059,0.111,0.032,0.07,0.753,0.122,0.157,0.121,0.014,0.027,34,['e'],['l']
292,/home/thompsong/DATA/MVO/miniseed_c/MVOE_/1998/04/9804-13-0831-33S.MVO_18_1.mseed,t,['t'],0.005,0.013,0.0,0.0,0.077,0.132,0.152,0.131,0.766,0.18,10,['t'],['t']
293,/home/thompsong/DATA/MVO/miniseed_c/MVOE_/1997/04/9704-03-0305-53S.MVO_18_1.mseed,e,['e' 'r'],0.445,0.416,0.779,0.143,0.071,0.116,0.066,0.094,0.029,0.065,34,['e'],['e' 'r']
294,/home/thompsong/DATA/MVO/miniseed_c/MVOE_/1997/04/9704-18-0446-09S.MVO_18_1.mseed,l,['l'],0.037,0.091,0.038,0.094,0.765,0.134,0.14,0.144,0.039,0.092,34,['l'],['l']
295,/home/thompsong/DATA/MVO/miniseed_c/MVOE_/1997/04/9704-07-1456-53S.MVO_18_1.mseed,r,['r'],0.875,0.15,0.187,0.136,0.014,0.034,0.016,0.065,0.002,0.01,34,['e'],['r']
296,/home/thompsong/DATA/MVO/miniseed_c/MVOE_/1998/04/9804-27-0406-58S.MVO_13_1.mseed,t,['t'],0.002,0.01,0.001,0.004,0.001,0.003,0.041,0.078,0.955,0.079,16,['t'],['t']
297,/home/thompsong/DATA/MVO/miniseed_c/MVOE_/1997/04/9704-18-0727-04S.MVO_18_1.mseed,l,['l'],0.083,0.126,0.078,0.114,0.72,0.123,0.129,0.139,0.03,0.074,34,['l'],['l']
298,/home/thompsong/DATA/MVO/miniseed_c/MVOE_/1997/04/9704-03-2130-36S.MVO_18_1.mseed,t,['t'],0.032,0.08,0.029,0.086,0.018,0.07,0.098,0.104,0.837,0.149,32,['t'],['t']
299,/home/thompsong/DATA/MVO/miniseed_c/MVOE_/1997/04/9704-29-0054-20S.MVO_18_1.mseed,e,['e' 'r'],0.498,0.428,0.801,0.15,0.057,0.072,0.045,0.096,0.0,0.0,32,['e'],['e' 'r']
300,/home/thompsong/DATA/MVO/miniseed_c/MVOE_/1998/04/9804-16-0256-42S.MVO_13_1.mseed,h,['h'],0.0,0.0,0.0,0.0,0.004,0.013,0.695,0.086,0.301,0.091,16,['t'],['h']
301,/home/thompsong/DATA/MVO/miniseed_c/MVOE_/1996/10/9610-26-0849-03S.MVO_21_1.mseed,h,['h'],0.054,0.115,0.061,0.119,0.092,0.118,0.785,0.138,0.039,0.093,34,['h'],['h']
302,/home/thompsong/DATA/MVO/miniseed_c/MVOE_/1997/04/9704-25-2344-28S.MVO_18_1.mseed,e,['e' 'r'],0.461,0.379,0.705,0.097,0.119,0.107,0.066,0.104,0.001,0.005,34,['e'],['e' 'r']
303,/home/thompsong/DATA/MVO/miniseed_c/MVOE_/1996/10/9610-24-0548-11S.MVO_21_1.mseed,h,['h'],0.063,0.12,0.008,0.025,0.07,0.089,0.8,0.149,0.063,0.112,34,['h'],['h']
304,/home/thompsong/DATA/MVO/miniseed_c/MVOE_/2001/03/2001-03-06-2159-11S.MVO___019.mseed,r,['r'],0.866,0.146,0.21,0.115,0.026,0.07,0.003,0.01,0.0,0.0,16,['r'],['r']
305,/home/thompsong/DATA/MVO/miniseed_c/MVOE_/1997/04/9704-01-1112-12S.MVO_18_1.mseed,l,['l'],0.057,0.083,0.046,0.085,0.764,0.109,0.131,0.108,0.024,0.058,34,['l'],['l']
306,/home/thompsong/DATA/MVO/miniseed_c/MVOE_/1998/10/9810-20-2339-52S.MVO_13_1.mseed,t,['t'],0.003,0.006,0.0,0.0,0.038,0.097,0.036,0.04,0.923,0.124,14,['t'],['t']
307,/home/thompsong/DATA/MVO/miniseed_c/MVOE_/2001/09/2001-09-11-2130-48S.MVO___014.mseed,l,['l'],0.037,0.081,0.059,0.102,0.763,0.155,0.117,0.14,0.054,0.09,16,['l'],['l']
308,/home/thompsong/DATA/MVO/miniseed_c/MVOE_/1996/10/9610-29-1327-25S.MVO_21_1.mseed,t,['t'],0.039,0.087,0.03,0.081,0.086,0.13,0.109,0.106,0.751,0.148,34,['t'],['t']
309,/home/thompsong/DATA/MVO/miniseed_c/MVOE_/1997/04/9704-01-0256-42S.MVO_18_1.mseed,e,['e' 'r'],0.454,0.389,0.711,0.095,0.102,0.125,0.067,0.114,0.021,0.053,34,['e'],['e' 'r']
310,/home/thompsong/DATA/MVO/miniseed_c/MVOE_/1997/04/9704-23-0745-53S.MVO_18_1.mseed,r,['r'],0.767,0.159,0.125,0.124,0.112,0.139,0.055,0.073,0.004,0.013,34,['e'],['r']
311,/home/thompsong/DATA/MVO/miniseed_c/MVOE_/1998/10/9810-20-2156-31S.MVO_13_1.mseed,h,['h'],0.101,0.141,0.053,0.087,0.069,0.128,0.751,0.137,0.053,0.117,16,['r'],['h']
312,/home/thompsong/DATA/MVO/miniseed_c/MVOE_/1997/04/9704-03-0223-43S.MVO_18_1.mseed,e,['e' 'r'],0.489,0.424,0.795,0.151,0.046,0.094,0.064,0.103,0.004,0.011,34,['e'],['e' 'r']
313,/home/thompsong/DATA/MVO/miniseed_c/MVOE_/1997/04/9704-01-0454-44S.MVO_18_1.mseed,l,['l'],0.056,0.112,0.019,0.051,0.788,0.143,0.077,0.104,0.07,0.123,32,['l'],['l']
314,/home/thompsong/DATA/MVO/miniseed_c/MVOE_/1998/10/9810-23-1539-49S.MVO_13_1.mseed,t,['t'],0.027,0.058,0.024,0.067,0.001,0.002,0.122,0.119,0.838,0.128,16,['t'],['t']
315,/home/thompsong/DATA/MVO/miniseed_c/MVOE_/1999/12/9912-11-1403-52S.MVO_19_1.mseed,h,['h'],0.09,0.124,0.052,0.086,0.125,0.125,0.716,0.11,0.043,0.11,16,['r'],['h']
316,/home/thompsong/DATA/MVO/miniseed_c/MVOE_/2002/04/2002-04-25-2221-22S.MVO___014.mseed,e,['r' 'e'],0.509,0.438,0.794,0.153,0.049,0.089,0.045,0.098,0.0,0.0,14,['e'],['r' 'e']
317,/home/thompsong/DATA/MVO/miniseed_c/MVOE_/1997/04/9704-03-0030-20S.MVO_18_1.mseed,l,['l'],0.109,0.134,0.064,0.093,0.754,0.119,0.093,0.116,0.013,0.034,34,['l'],['l']
318,/home/thompsong/DATA/MVO/miniseed_c/MVOE_/1997/04/9704-08-1310-21S.MVO_18_1.mseed,r,['r'],0.873,0.153,0.218,0.145,0.016,0.046,0.003,0.011,0.0,0.0,34,['e'],['r']
319,/home/thompsong/DATA/MVO/miniseed_c/MVOE_/2002/04/2002-04-30-2048-36S.MVO___014.mseed,r,['r'],0.859,0.144,0.132,0.13,0.032,0.083,0.042,0.089,0.0,0.0,16,['r'],['r']
320,/home/thompsong/DATA/MVO/miniseed_c/MVOE_/1997/04/9704-02-1108-18S.MVO_18_1.mseed,e,['e' 'r'],0.597,0.408,0.778,0.134,0.014,0.057,0.0,0.0,0.0,0.0,34,['r'],['e' 'r']
321,/home/thompsong/DATA/MVO/miniseed_c/MVOE_/1996/10/9610-26-0819-55S.MVO_21_1.mseed,h,['h'],0.021,0.059,0.037,0.079,0.131,0.109,0.8,0.117,0.029,0.056,34,['h'],['h']
322,/home/thompsong/DATA/MVO/miniseed_c/MVOE_/2001/08/2001-08-01-0328-04S.MVO___018.mseed,r,['r'],0.789,0.167,0.028,0.044,0.047,0.1,0.049,0.053,0.101,0.131,10,['r'],['r']
323,/home/thompsong/DATA/MVO/miniseed_c/MVOE_/1996/10/9610-24-0519-16S.MVO_21_1.mseed,h,['h'],0.064,0.118,0.068,0.12,0.122,0.136,0.771,0.148,0.01,0.024,34,['h'],['h']
324,/home/thompsong/DATA/MVO/miniseed_c/MVOE_/1998/04/9804-04-0940-55S.MVO_18_1.mseed,t,['t'],0.005,0.007,0.0,,0.015,0.021,0.04,0.042,0.94,0.014,2,['t'],['t']
325,/home/thompsong/DATA/MVO/miniseed_c/MVOE_/1997/04/9704-01-0038-59S.MVO_18_1.mseed,r,['r'],0.872,0.148,0.238,0.126,0.003,0.009,0.006,0.026,0.0,0.0,34,['e'],['r']
326,/home/thompsong/DATA/MVO/miniseed_c/MVOE_/1997/04/9704-07-0525-30S.MVO_18_1.mseed,t,['t'],0.001,0.009,0.002,0.01,0.007,0.027,0.13,0.12,0.861,0.135,34,['t'],['t']
327,/home/thompsong/DATA/MVO/miniseed_c/MVOE_/1998/10/9810-10-0842-25S.MVO_13_1.mseed,r,['r'],0.76,0.153,0.064,0.084,0.057,0.09,0.102,0.128,0.049,0.086,10,['e'],['r']
328,/home/thompsong/DATA/MVO/miniseed_c/MVOE_/2000/03/2000-03-10-0122-16S.MVO___019.mseed,t,['t'],0.0,0.0,0.0,0.0,0.023,0.056,0.14,0.141,0.837,0.171,12,['t'],['t']
329,/home/thompsong/DATA/MVO/miniseed_c/MVOE_/1998/04/9804-11-1636-15S.MVO_18_1.mseed,r,['r'],0.745,0.161,0.078,0.134,0.0,0.0,0.095,0.129,0.121,0.156,10,['r'],['r']
330,/home/thompsong/DATA/MVO/miniseed_c/MVOE_/1997/04/9704-12-0257-40S.MVO_18_1.mseed,e,['e' 'r'],0.515,0.452,0.866,0.118,0.042,0.095,0.003,0.007,0.007,0.025,32,['e'],['e' 'r']
331,/home/thompsong/DATA/MVO/miniseed_c/MVOE_/1996/10/9610-25-0355-25S.MVO_21_1.mseed,h,['h'],0.087,0.132,0.081,0.125,0.106,0.122,0.719,0.138,0.047,0.078,34,['t'],['h']
332,/home/thompsong/DATA/MVO/miniseed_c/MVOE_/1998/10/9810-14-0328-19S.MVO_13_1.mseed,l,['l'],0.037,0.068,0.042,0.074,0.827,0.138,0.068,0.107,0.048,0.095,16,['h'],['l']
333,/home/thompsong/DATA/MVO/miniseed_c/MVOE_/1997/04/9704-11-2057-18S.MVO_18_1.mseed,r,['r'],0.855,0.154,0.199,0.128,0.009,0.029,0.03,0.082,0.007,0.026,32,['e'],['r']
334,/home/thompsong/DATA/MVO/miniseed_c/MVOE_/1996/10/9610-25-0751-38S.MVO_21_1.mseed,h,['h'],0.039,0.077,0.007,0.027,0.115,0.122,0.776,0.134,0.066,0.103,34,['h'],['h']
335,/home/thompsong/DATA/MVO/miniseed_c/MVOE_/2000/03/2000-03-06-1948-35S.MVO___019.mseed,h,['h'],0.024,0.041,0.014,0.035,0.181,0.143,0.733,0.097,0.055,0.104,16,['r'],['h']
336,/home/thompsong/DATA/MVO/miniseed_c/MVOE_/2001/03/2001-03-07-0945-40S.MVO___019.mseed,r,['r'],0.764,0.162,0.119,0.111,0.104,0.142,0.072,0.144,0.001,0.003,14,['r'],['r']
337,/home/thompsong/DATA/MVO/miniseed_c/MVOE_/2000/11/2000-11-20-0025-56S.MVO___019.mseed,e,['r' 'e'],0.398,0.385,0.708,0.119,0.156,0.133,0.03,0.032,0.062,0.087,16,['e'],['r' 'e']
338,/home/thompsong/DATA/MVO/miniseed_c/MVOE_/1997/04/9704-09-1930-29S.MVO_18_1.mseed,l,['l'],0.058,0.106,0.058,0.1,0.791,0.144,0.08,0.1,0.042,0.081,34,['l'],['l']
339,/home/thompsong/DATA/MVO/miniseed_c/MVOE_/1997/04/9704-02-1726-42S.MVO_18_1.mseed,e,['e' 'r'],0.461,0.395,0.716,0.136,0.081,0.107,0.073,0.092,0.028,0.058,34,['e'],['e' 'r']
340,/home/thompsong/DATA/MVO/miniseed_c/MVOE_/1996/10/9610-25-1009-35S.MVO_21_1.mseed,r,['r'],0.814,0.157,0.121,0.134,0.097,0.136,0.027,0.061,0.0,0.002,34,['r'],['r']
341,/home/thompsong/DATA/MVO/miniseed_c/MVOE_/1997/04/9704-02-0456-07S.MVO_18_1.mseed,e,['e' 'r'],0.528,0.411,0.788,0.134,0.021,0.055,0.055,0.098,0.001,0.006,34,['e'],['e' 'r']
342,/home/thompsong/DATA/MVO/miniseed_c/MVOE_/1997/04/9704-09-1746-17S.MVO_18_1.mseed,e,['e' 'r'],0.552,0.424,0.792,0.145,0.037,0.088,0.014,0.047,0.001,0.004,34,['e'],['e' 'r']
343,/home/thompsong/DATA/MVO/miniseed_c/MVOE_/1997/04/9704-07-2053-43S.MVO_18_1.mseed,r,['r'],0.863,0.144,0.172,0.135,0.011,0.019,0.024,0.068,0.016,0.065,34,['e'],['r']
344,/home/thompsong/DATA/MVO/miniseed_c/MVOE_/1997/04/9704-24-2101-27S.MVO_18_1.mseed,e,['e' 'r'],0.447,0.418,0.788,0.145,0.081,0.12,0.069,0.114,0.008,0.019,34,['e'],['e' 'r']
345,/home/thompsong/DATA/MVO/miniseed_c/MVOE_/1997/04/9704-03-0627-42S.MVO_18_1.mseed,l,['l'],0.084,0.132,0.034,0.078,0.74,0.131,0.126,0.154,0.033,0.069,34,['l'],['l']
346,/home/thompsong/DATA/MVO/miniseed_c/MVOE_/1997/04/9704-15-1017-05S.MVO_18_1.mseed,h,['h'],0.019,0.038,0.015,0.032,0.069,0.081,0.854,0.12,0.051,0.087,30,['h'],['h']
347,/home/thompsong/DATA/MVO/miniseed_c/MVOE_/2001/08/2001-08-04-0634-46S.MVO___018.mseed,l,['l'],0.004,0.013,0.0,0.0,0.75,0.125,0.246,0.128,0.0,0.0,10,['r'],['l']
348,/home/thompsong/DATA/MVO/miniseed_c/MVOE_/1996/10/9610-26-2022-27S.MVO_21_2.mseed,h,['h'],0.026,0.057,0.006,0.018,0.159,0.135,0.78,0.138,0.031,0.056,34,['h'],['h']
349,/home/thompsong/DATA/MVO/miniseed_c/MVOE_/1997/04/9704-03-0508-48S.MVO_18_1.mseed,t,['t'],0.005,0.02,0.005,0.022,0.036,0.066,0.13,0.117,0.826,0.154,34,['h'],['t']
350,/home/thompsong/DATA/MVO/miniseed_c/MVOE_/1996/10/9610-25-1005-41S.MVO_21_1.mseed,h,['h'],0.008,0.028,0.003,0.01,0.099,0.13,0.865,0.122,0.027,0.058,34,['h'],['h']
351,/home/thompsong/DATA/MVO/miniseed_c/MVOE_/1997/04/9704-12-0905-06S.MVO_18_1.mseed,h,['h'],0.037,0.078,0.016,0.052,0.083,0.102,0.797,0.136,0.076,0.11,32,['h'],['h']
352,/home/thompsong/DATA/MVO/miniseed_c/MVOE_/1996/10/9610-30-2338-06S.MVO_21_1.mseed,t,['t'],0.089,0.129,0.053,0.098,0.105,0.129,0.093,0.121,0.687,0.079,34,['t'],['t']
353,/home/thompsong/DATA/MVO/miniseed_c/MVOE_/1998/04/9804-08-1316-00S.MVO_18_1.mseed,t,['t'],0.0,0.0,0.0,,0.01,0.014,0.105,0.021,0.885,0.035,2,['t'],['t']
354,/home/thompsong/DATA/MVO/miniseed_c/MVOE_/1998/04/9804-04-1417-38S.MVO_18_1.mseed,t,['t'],0.11,0.128,0.0,0.0,0.002,0.005,0.058,0.061,0.83,0.065,4,['t'],['t']
355,/home/thompsong/DATA/MVO/miniseed_c/MVOE_/1997/04/9704-02-1849-18S.MVO_18_1.mseed,l,['l'],0.059,0.093,0.059,0.101,0.754,0.136,0.129,0.129,0.029,0.071,30,['l'],['l']
356,/home/thompsong/DATA/MVO/miniseed_c/MVOE_/1997/04/9704-18-2346-16S.MVO_18_1.mseed,l,['l'],0.079,0.119,0.059,0.102,0.778,0.114,0.092,0.114,0.021,0.057,32,['l'],['l']
357,/home/thompsong/DATA/MVO/miniseed_c/MVOE_/1996/10/9610-26-0255-47S.MVO_21_1.mseed,r,['r'],0.811,0.162,0.168,0.129,0.057,0.102,0.03,0.078,0.018,0.064,34,['e'],['r']
358,/home/thompsong/DATA/MVO/miniseed_c/MVOE_/1997/04/9704-10-0125-27S.MVO_18_1.mseed,t,['t'],0.049,0.068,0.028,0.058,0.185,0.142,0.079,0.098,0.673,0.088,34,['e'],['t']
359,/home/thompsong/DATA/MVO/miniseed_c/MVOE_/1997/04/9704-01-0640-00S.MVO_18_1.mseed,h,['h'],0.039,0.095,0.008,0.016,0.198,0.129,0.728,0.124,0.031,0.058,34,['l'],['h']
360,/home/thompsong/DATA/MVO/miniseed_c/MVOE_/2000/11/2000-11-20-0543-20S.MVO___019.mseed,l,['l'],0.099,0.125,0.045,0.075,0.728,0.109,0.134,0.145,0.016,0.035,16,['l'],['l']
361,/home/thompsong/DATA/MVO/miniseed_c/MVOE_/2000/03/2000-03-10-0715-20S.MVO___019.mseed,t,['t'],0.018,0.029,0.003,0.008,0.064,0.119,0.149,0.143,0.769,0.167,14,['t'],['t']
362,/home/thompsong/DATA/MVO/miniseed_c/MVOE_/1997/04/9704-02-1616-28S.MVO_18_1.mseed,e,['e' 'r'],0.462,0.384,0.718,0.119,0.063,0.085,0.113,0.139,0.003,0.009,34,['e'],['e' 'r']
363,/home/thompsong/DATA/MVO/miniseed_c/MVOE_/1996/10/9610-25-0535-29S.MVO_21_1.mseed,h,['h'],0.034,0.076,0.044,0.093,0.122,0.111,0.804,0.132,0.018,0.032,34,['h'],['h']
364,/home/thompsong/DATA/MVO/miniseed_c/MVOE_/2001/11/2001-11-27-0912-58S.MVO___015.mseed,e,['r' 'e'],0.434,0.383,0.726,0.091,0.111,0.138,0.087,0.122,0.005,0.009,14,['e'],['r' 'e']
365,/home/thompsong/DATA/MVO/miniseed_c/MVOE_/1997/04/9704-01-0858-41S.MVO_18_1.mseed,l,['l'],0.037,0.074,0.058,0.103,0.769,0.141,0.105,0.122,0.06,0.109,34,['l'],['l']
366,/home/thompsong/DATA/MVO/miniseed_c/MVOE_/1996/10/9610-30-2337-40S.MVO_21_1.mseed,h,['h'],0.056,0.117,0.021,0.058,0.183,0.129,0.717,0.118,0.034,0.066,34,['t'],['h']
367,/home/thompsong/DATA/MVO/miniseed_c/MVOE_/1997/04/9704-01-0412-32S.MVO_18_1.mseed,t,['t'],0.003,0.017,0.006,0.027,0.011,0.038,0.105,0.132,0.878,0.143,34,['h'],['t']
368,/home/thompsong/DATA/MVO/miniseed_c/MVOE_/1996/10/9610-24-0708-05S.MVO_21_1.mseed,h,['h'],0.13,0.157,0.088,0.125,0.075,0.107,0.708,0.128,0.043,0.096,34,['h'],['h']
369,/home/thompsong/DATA/MVO/miniseed_c/MVOE_/1999/12/9912-15-1055-07S.MVO_19_1.mseed,e,['r' 'e'],0.456,0.438,0.812,0.157,0.053,0.098,0.021,0.032,0.064,0.14,16,['r'],['r' 'e']
370,/home/thompsong/DATA/MVO/miniseed_c/MVOE_/1999/12/9912-08-0226-29S.MVO_19_1.mseed,h,['h'],0.065,0.115,0.002,0.005,0.166,0.185,0.74,0.11,0.028,0.051,8,['h'],['h']
371,/home/thompsong/DATA/MVO/miniseed_c/MVOE_/1998/04/9804-20-1054-39S.MVO_13_1.mseed,t,['t'],0.006,0.025,0.02,0.057,0.001,0.002,0.086,0.118,0.897,0.115,16,['t'],['t']
372,/home/thompsong/DATA/MVO/miniseed_c/MVOE_/2001/03/2001-03-06-2136-03S.MVO___019.mseed,r,['r'],0.842,0.13,0.056,0.067,0.038,0.083,0.052,0.076,0.041,0.111,16,['r'],['r']
373,/home/thompsong/DATA/MVO/miniseed_c/MVOE_/1996/10/9610-29-2308-56S.MVO_21_1.mseed,r,['r'],0.726,0.143,0.099,0.119,0.16,0.144,0.046,0.09,0.019,0.054,34,['r'],['r']
374,/home/thompsong/DATA/MVO/miniseed_c/MVOE_/1997/04/9704-08-0228-38S.MVO_18_1.mseed,r,['r'],0.817,0.157,0.124,0.136,0.087,0.132,0.034,0.078,0.0,0.0,34,['e'],['r']
375,/home/thompsong/DATA/MVO/miniseed_c/MVOE_/1996/10/9610-24-0242-09S.MVO_21_1.mseed,l,['l'],0.064,0.104,0.022,0.073,0.814,0.131,0.071,0.072,0.04,0.083,34,['t'],['l']
376,/home/thompsong/DATA/MVO/miniseed_c/MVOE_/1996/10/9610-31-2029-24S.MVO_21_1.mseed,t,['t'],0.096,0.132,0.03,0.061,0.109,0.129,0.046,0.08,0.734,0.135,32,['t'],['t']
377,/home/thompsong/DATA/MVO/miniseed_c/MVOE_/1996/10/9610-28-1132-56S.MVO_21_1.mseed,r,['r'],0.786,0.144,0.108,0.131,0.136,0.142,0.008,0.015,0.016,0.04,34,['r'],['r']
378,/home/thompsong/DATA/MVO/miniseed_c/MVOE_/1997/04/9704-12-0221-23S.MVO_18_1.mseed,l,['l'],0.092,0.123,0.085,0.123,0.788,0.135,0.07,0.1,0.007,0.012,32,['l'],['l']
379,/home/thompsong/DATA/MVO/miniseed_c/MVOE_/1996/10/9610-24-0441-01S.MVO_21_1.mseed,h,['h'],0.051,0.101,0.032,0.064,0.098,0.119,0.788,0.148,0.046,0.09,34,['h'],['h']
380,/home/thompsong/DATA/MVO/miniseed_c/MVOE_/1998/04/9804-02-0305-31S.MVO_18_1.mseed,h,['h'],0.01,0.014,0.01,,0.0,0.0,0.86,0.028,0.125,0.021,2,['h'],['h']
381,/home/thompsong/DATA/MVO/miniseed_c/MVOE_/1998/04/9804-04-1235-51S.MVO_18_1.mseed,r,['r'],0.945,0.078,0.11,,0.0,0.0,0.0,0.0,0.0,0.0,2,['r'],['r']
382,/home/thompsong/DATA/MVO/miniseed_c/MVOE_/1997/04/9704-02-0859-59S.MVO_18_1.mseed,e,['e' 'r'],0.554,0.39,0.721,0.105,0.05,0.097,0.03,0.081,0.005,0.016,34,['e'],['e' 'r']
383,/home/thompsong/DATA/MVO/miniseed_c/MVOE_/1997/04/9704-07-1944-30S.MVO_18_1.mseed,r,['r'],0.839,0.152,0.166,0.137,0.043,0.085,0.035,0.086,0.0,0.002,34,['e'],['r']
384,/home/thompsong/DATA/MVO/miniseed_c/MVOE_/1996/10/9610-25-0529-52S.MVO_21_1.mseed,t,['t'],0.061,0.12,0.054,0.098,0.071,0.109,0.121,0.127,0.72,0.11,34,['t'],['t']
385,/home/thompsong/DATA/MVO/miniseed_c/MVOE_/1998/04/9804-09-0222-40S.MVO_18_1.mseed,t,['t'],0.006,0.013,0.0,0.0,0.224,0.191,0.077,0.114,0.693,0.162,10,['t'],['t']
386,/home/thompsong/DATA/MVO/miniseed_c/MVOE_/1996/10/9610-25-0444-33S.MVO_21_2.mseed,h,['h'],0.001,0.004,0.002,0.005,0.105,0.126,0.869,0.132,0.023,0.051,34,['h'],['h']
387,/home/thompsong/DATA/MVO/miniseed_c/MVOE_/1997/04/9704-26-1709-53S.MVO_18_1.mseed,e,['e' 'r'],0.476,0.423,0.809,0.137,0.067,0.097,0.026,0.043,0.026,0.069,34,['e'],['e' 'r']
388,/home/thompsong/DATA/MVO/miniseed_c/MVOE_/1997/04/9704-08-1528-49S.MVO_18_1.mseed,h,['h'],0.002,0.009,0.001,0.005,0.004,0.013,0.736,0.134,0.257,0.14,34,['t'],['h']
389,/home/thompsong/DATA/MVO/miniseed_c/MVOE_/1997/04/9704-01-0158-25S.MVO_18_1.mseed,e,['e' 'r'],0.532,0.433,0.815,0.148,0.024,0.073,0.027,0.077,0.009,0.026,34,['e'],['e' 'r']
390,/home/thompsong/DATA/MVO/miniseed_c/MVOE_/1998/10/9810-23-1614-45S.MVO_13_1.mseed,r,['r'],0.745,0.127,0.034,0.077,0.145,0.119,0.034,0.042,0.059,0.107,16,['r'],['r']
391,/home/thompsong/DATA/MVO/miniseed_c/MVOE_/1997/04/9704-11-2023-15S.MVO_18_1.mseed,e,['e' 'r'],0.505,0.433,0.805,0.142,0.029,0.058,0.057,0.1,0.007,0.022,32,['e'],['e' 'r']
392,/home/thompsong/DATA/MVO/miniseed_c/MVOE_/1997/04/9704-24-2309-09S.MVO_18_1.mseed,e,['e' 'r'],0.497,0.43,0.806,0.153,0.078,0.125,0.018,0.035,0.004,0.015,34,['e'],['e' 'r']
393,/home/thompsong/DATA/MVO/miniseed_c/MVOE_/1997/04/9704-26-1941-26S.MVO_18_1.mseed,e,['e' 'r'],0.534,0.434,0.817,0.151,0.041,0.088,0.017,0.064,0.0,0.0,34,['e'],['e' 'r']
394,/home/thompsong/DATA/MVO/miniseed_c/MVOE_/1997/04/9704-07-0942-10S.MVO_18_1.mseed,e,['e' 'r'],0.544,0.452,0.865,0.142,0.023,0.086,0.001,0.003,0.0,0.0,34,['e'],['e' 'r']
395,/home/thompsong/DATA/MVO/miniseed_c/MVOE_/1997/04/9704-14-0712-30S.MVO_18_1.mseed,r,['r'],0.893,0.126,0.152,0.133,0.02,0.053,0.011,0.031,0.0,0.0,32,['e'],['r']
396,/home/thompsong/DATA/MVO/miniseed_c/MVOE_/1997/04/9704-15-0531-37S.MVO_18_1.mseed,h,['h'],0.04,0.091,0.024,0.066,0.062,0.097,0.821,0.134,0.065,0.106,34,['h'],['h']
397,/home/thompsong/DATA/MVO/miniseed_c/MVOE_/1998/04/9804-06-0336-09S.MVO_18_1.mseed,t,['t'],0.0,0.0,0.0,,0.0,0.0,0.055,0.007,0.945,0.007,2,['t'],['t']
398,/home/thompsong/DATA/MVO/miniseed_c/MVOE_/1997/04/9704-01-0222-33S.MVO_18_1.mseed,l,['l'],0.065,0.113,0.033,0.067,0.749,0.098,0.148,0.119,0.022,0.058,34,['l'],['l']
399,/home/thompsong/DATA/MVO/miniseed_c/MVOE_/1998/04/9804-16-2351-28S.MVO_13_1.mseed,t,['t'],0.013,0.052,0.035,0.099,0.0,0.0,0.052,0.065,0.918,0.089,16,['t'],['t']
400,/home/thompsong/DATA/MVO/miniseed_c/MVOE_/1998/04/9804-06-0920-53S.MVO_18_1.mseed,t,['t'],0.0,0.0,0.0,,0.01,0.0,0.07,0.028,0.92,0.028,2,['t'],['t']
401,/home/thompsong/DATA/MVO/miniseed_c/MVOE_/2000/03/2000-03-26-0706-51S.MVO___019.mseed,r,['r'],0.736,0.139,0.036,0.086,0.086,0.108,0.128,0.125,0.032,0.08,14,['r'],['r']
402,/home/thompsong/DATA/MVO/miniseed_c/MVOE_/1996/10/9610-31-0558-52S.MVO_21_2.mseed,h,['h'],0.039,0.067,0.043,0.076,0.127,0.11,0.761,0.095,0.051,0.099,34,['l'],['h']
403,/home/thompsong/DATA/MVO/miniseed_c/MVOE_/1997/04/9704-01-1432-59S.MVO_18_1.mseed,e,['e' 'r'],0.562,0.413,0.775,0.138,0.018,0.055,0.031,0.084,0.001,0.005,34,['e'],['e' 'r']
404,/home/thompsong/DATA/MVO/miniseed_c/MVOE_/1998/04/9804-16-2140-21S.MVO_13_1.mseed,t,['t'],0.012,0.042,0.026,0.074,0.016,0.045,0.057,0.104,0.901,0.136,16,['t'],['t']
405,/home/thompsong/DATA/MVO/miniseed_c/MVOE_/1997/04/9704-07-1839-00S.MVO_18_1.mseed,l,['l'],0.069,0.109,0.037,0.087,0.776,0.135,0.102,0.123,0.035,0.064,34,['l'],['l']
406,/home/thompsong/DATA/MVO/miniseed_c/MVOE_/1998/10/9810-23-2038-23S.MVO_13_1.mseed,l,['l'],0.058,0.07,0.1,0.113,0.713,0.086,0.102,0.112,0.078,0.114,16,['r'],['l']
407,/home/thompsong/DATA/MVO/miniseed_c/MVOE_/1997/04/9704-08-1403-37S.MVO_18_1.mseed,l,['l'],0.127,0.131,0.076,0.108,0.708,0.089,0.09,0.129,0.038,0.098,32,['l'],['l']
408,/home/thompsong/DATA/MVO/miniseed_c/MVOE_/1998/04/9804-05-1412-25S.MVO_18_1.mseed,t,['t'],0.0,0.0,0.0,0.0,0.0,0.0,0.03,0.036,0.97,0.036,4,['t'],['t']
409,/home/thompsong/DATA/MVO/miniseed_c/MVOE_/1997/04/9704-03-0010-35S.MVO_18_1.mseed,e,['e' 'r'],0.47,0.39,0.725,0.107,0.069,0.099,0.068,0.109,0.03,0.062,34,['e'],['e' 'r']
410,/home/thompsong/DATA/MVO/miniseed_c/MVOE_/1997/04/9704-03-0155-44S.MVO_18_1.mseed,e,['e' 'r'],0.531,0.438,0.839,0.117,0.04,0.084,0.009,0.021,0.001,0.004,34,['e'],['e' 'r']
411,/home/thompsong/DATA/MVO/miniseed_c/MVOE_/1997/04/9704-04-1123-30S.MVO_18_1.mseed,t,['t'],0.008,0.022,0.001,0.005,0.041,0.082,0.165,0.132,0.785,0.159,34,['t'],['t']
412,/home/thompsong/DATA/MVO/miniseed_c/MVOE_/1996/10/9610-25-0648-10S.MVO_21_1.mseed,h,['h'],0.118,0.136,0.097,0.118,0.102,0.128,0.719,0.117,0.013,0.046,34,['h'],['h']
413,/home/thompsong/DATA/MVO/miniseed_c/MVOE_/1997/04/9704-29-1449-48S.MVO_18_1.mseed,l,['l'],0.059,0.106,0.059,0.114,0.804,0.151,0.096,0.118,0.011,0.026,34,['l'],['l']
414,/home/thompsong/DATA/MVO/miniseed_c/MVOE_/2000/11/2000-11-22-1445-31S.MVO___019.mseed,l,['l'],0.041,0.082,0.01,0.019,0.774,0.13,0.143,0.117,0.038,0.081,16,['l'],['l']
415,/home/thompsong/DATA/MVO/miniseed_c/MVOE_/1996/10/9610-26-1329-24S.MVO_21_1.mseed,h,['h'],0.051,0.123,0.087,0.154,0.096,0.139,0.734,0.15,0.075,0.12,34,['t'],['h']
416,/home/thompsong/DATA/MVO/miniseed_c/MVOE_/1998/10/9810-26-0451-03S.MVO_13_1.mseed,r,['r'],0.832,0.156,0.18,0.147,0.073,0.114,0.002,0.006,0.002,0.005,16,['r'],['r']
417,/home/thompsong/DATA/MVO/miniseed_c/MVOE_/2001/08/2001-08-01-2224-11S.MVO___018.mseed,r,['r'],0.757,0.165,0.042,0.083,0.099,0.134,0.094,0.132,0.029,0.054,10,['r'],['r']
418,/home/thompsong/DATA/MVO/miniseed_c/MVOE_/1997/04/9704-09-1013-07S.MVO_18_1.mseed,l,['l'],0.081,0.133,0.071,0.111,0.759,0.151,0.099,0.143,0.026,0.073,34,['l'],['l']
419,/home/thompsong/DATA/MVO/miniseed_c/MVOE_/1998/04/9804-08-0213-46S.MVO_18_1.mseed,h,['h'],0.004,0.007,0.002,0.005,0.088,0.124,0.829,0.144,0.079,0.146,8,['t'],['h']
420,/home/thompsong/DATA/MVO/miniseed_c/MVOE_/1997/04/9704-11-0123-03S.MVO_18_1.mseed,l,['l'],0.172,0.171,0.089,0.117,0.688,0.132,0.085,0.123,0.011,0.025,34,['l'],['l']
421,/home/thompsong/DATA/MVO/miniseed_c/MVOE_/1997/04/9704-11-1814-19S.MVO_18_1.mseed,r,['r'],0.861,0.148,0.139,0.147,0.057,0.112,0.008,0.019,0.004,0.01,26,['e'],['r']
422,/home/thompsong/DATA/MVO/miniseed_c/MVOE_/1997/04/9704-29-1817-09S.MVO_18_1.mseed,e,['e' 'r'],0.413,0.361,0.68,0.08,0.127,0.115,0.081,0.134,0.039,0.062,34,['l'],['e' 'r']
423,/home/thompsong/DATA/MVO/miniseed_c/MVOE_/1997/04/9704-04-1734-44S.MVO_18_1.mseed,l,['l'],0.136,0.159,0.038,0.064,0.738,0.132,0.086,0.09,0.02,0.06,34,['l'],['l']
424,/home/thompsong/DATA/MVO/miniseed_c/MVOE_/1997/04/9704-08-1502-53S.MVO_18_1.mseed,r,['r'],0.854,0.162,0.264,0.124,0.011,0.033,0.002,0.011,0.0,0.0,34,['e'],['r']
425,/home/thompsong/DATA/MVO/miniseed_c/MVOE_/1997/04/9704-01-1609-34S.MVO_18_1.mseed,l,['l'],0.069,0.094,0.021,0.05,0.836,0.125,0.045,0.085,0.039,0.081,34,['l'],['l']
426,/home/thompsong/DATA/MVO/miniseed_c/MVOE_/1997/04/9704-07-1521-26S.MVO_18_1.mseed,r,['r'],0.863,0.156,0.176,0.144,0.011,0.028,0.035,0.097,0.003,0.008,34,['e'],['r']
427,/home/thompsong/DATA/MVO/miniseed_c/MVOE_/2000/03/2000-03-07-1947-18S.MVO___019.mseed,t,['t'],0.089,0.109,0.038,0.094,0.015,0.035,0.023,0.026,0.854,0.122,12,['t'],['t']
428,/home/thompsong/DATA/MVO/miniseed_c/MVOE_/1997/04/9704-04-0432-54S.MVO_18_1.mseed,h,['h'],0.036,0.078,0.059,0.111,0.126,0.119,0.788,0.127,0.02,0.055,28,['h'],['h']
429,/home/thompsong/DATA/MVO/miniseed_c/MVOE_/2001/11/2001-11-27-0415-09S.MVO___015.mseed,r,['r'],0.819,0.133,0.044,0.059,0.109,0.14,0.015,0.028,0.034,0.087,14,['r'],['r']
430,/home/thompsong/DATA/MVO/miniseed_c/MVOE_/1997/04/9704-08-1628-14S.MVO_18_1.mseed,r,['r'],0.908,0.117,0.122,0.095,0.012,0.049,0.018,0.053,0.0,0.0,34,['e'],['r']
431,/home/thompsong/DATA/MVO/miniseed_c/MVOE_/2001/08/2001-08-07-0125-26S.MVO___018.mseed,e,['r' 'e'],0.35,0.36,0.652,0.074,0.059,0.11,0.125,0.119,0.14,0.141,10,['e'],['r' 'e']
432,/home/thompsong/DATA/MVO/miniseed_c/MVOE_/2001/03/2001-03-07-0220-45S.MVO___019.mseed,l,['l'],0.049,0.11,0.016,0.02,0.783,0.117,0.099,0.114,0.061,0.108,16,['h'],['l']
433,/home/thompsong/DATA/MVO/miniseed_c/MVOE_/1998/10/9810-15-1402-46S.MVO_13_1.mseed,t,['t'],0.007,0.025,0.014,0.039,0.0,0.0,0.058,0.09,0.928,0.088,16,['t'],['t']
434,/home/thompsong/DATA/MVO/miniseed_c/MVOE_/1996/10/9610-24-0454-54S.MVO_21_1.mseed,h,['h'],0.036,0.1,0.056,0.108,0.08,0.12,0.722,0.112,0.133,0.129,34,['h'],['h']
435,/home/thompsong/DATA/MVO/miniseed_c/MVOE_/1997/04/9704-12-1217-01S.MVO_18_1.mseed,t,['t'],0.001,0.004,0.004,0.008,0.029,0.061,0.131,0.103,0.837,0.134,28,['h'],['t']
436,/home/thompsong/DATA/MVO/miniseed_c/MVOE_/2001/03/2001-03-07-0842-04S.MVO___019.mseed,r,['r'],0.814,0.171,0.078,0.14,0.111,0.152,0.033,0.048,0.003,0.007,16,['r'],['r']
437,/home/thompsong/DATA/MVO/miniseed_c/MVOE_/2001/11/2001-11-20-0449-48S.MVO___015.mseed,l,['l'],0.146,0.151,0.038,0.053,0.689,0.081,0.109,0.116,0.038,0.057,16,['e'],['l']
438,/home/thompsong/DATA/MVO/miniseed_c/MVOE_/1998/10/9810-13-1518-32S.MVO_13_1.mseed,t,['t'],0.002,0.008,0.004,0.011,0.012,0.033,0.07,0.088,0.914,0.111,16,['t'],['t']
439,/home/thompsong/DATA/MVO/miniseed_c/MVOE_/1998/04/9804-05-0255-28S.MVO_18_1.mseed,h,['h'],0.0,0.0,0.0,,0.0,0.0,0.78,0.071,0.22,0.071,2,['t'],['h']
440,/home/thompsong/DATA/MVO/miniseed_c/MVOE_/2002/04/2002-04-26-0358-24S.MVO___014.mseed,e,['r' 'e'],0.495,0.427,0.792,0.153,0.044,0.09,0.026,0.041,0.039,0.083,16,['e'],['r' 'e']
441,/home/thompsong/DATA/MVO/miniseed_c/MVOE_/1997/04/9704-01-1446-29S.MVO_18_1.mseed,l,['l'],0.06,0.107,0.049,0.103,0.797,0.132,0.089,0.117,0.03,0.08,34,['l'],['l']
442,/home/thompsong/DATA/MVO/miniseed_c/MVOE_/1997/04/9704-07-1834-13S.MVO_18_1.mseed,e,['e' 'r'],0.56,0.452,0.869,0.123,0.001,0.005,0.002,0.007,0.002,0.008,34,['e'],['e' 'r']
443,/home/thompsong/DATA/MVO/miniseed_c/MVOE_/1998/04/9804-05-1010-58S.MVO_18_1.mseed,t,['t'],0.0,0.0,0.0,,0.01,0.0,0.045,0.021,0.945,0.021,2,['t'],['t']
444,/home/thompsong/DATA/MVO/miniseed_c/MVOE_/1996/10/9610-25-1406-09S.MVO_21_1.mseed,r,['r'],0.823,0.151,0.145,0.124,0.065,0.11,0.039,0.081,0.001,0.003,34,['r'],['r']
445,/home/thompsong/DATA/MVO/miniseed_c/MVOE_/1997/04/9704-01-0715-53S.MVO_18_1.mseed,e,['e' 'r'],0.509,0.424,0.776,0.153,0.064,0.103,0.025,0.069,0.014,0.055,34,['e'],['e' 'r']
446,/home/thompsong/DATA/MVO/miniseed_c/MVOE_/1996/10/9610-26-1654-26S.MVO_21_1.mseed,h,['h'],0.013,0.046,0.021,0.066,0.122,0.14,0.805,0.149,0.05,0.093,34,['h'],['h']
447,/home/thompsong/DATA/MVO/miniseed_c/MVOE_/1996/10/9610-24-1100-25S.MVO_21_1.mseed,h,['h'],0.036,0.08,0.005,0.013,0.083,0.107,0.827,0.137,0.052,0.083,30,['h'],['h']
448,/home/thompsong/DATA/MVO/miniseed_c/MVOE_/1997/04/9704-09-1734-49S.MVO_18_1.mseed,e,['e' 'r'],0.488,0.397,0.724,0.117,0.085,0.127,0.044,0.065,0.021,0.065,34,['e'],['e' 'r']
449,/home/thompsong/DATA/MVO/miniseed_c/MVOE_/1996/10/9610-25-1005-23S.MVO_21_2.mseed,h,['h'],0.028,0.057,0.015,0.054,0.097,0.125,0.813,0.134,0.055,0.097,34,['h'],['h']
450,/home/thompsong/DATA/MVO/miniseed_c/MVOE_/1998/04/9804-07-0622-43S.MVO_18_1.mseed,t,['t'],0.0,0.0,0.0,,0.005,0.007,0.08,0.028,0.915,0.021,2,['t'],['t']
451,/home/thompsong/DATA/MVO/miniseed_c/MVOE_/1997/04/9704-02-2137-58S.MVO_18_1.mseed,e,['e' 'r'],0.512,0.438,0.825,0.14,0.047,0.104,0.024,0.074,0.004,0.016,34,['e'],['e' 'r']
452,/home/thompsong/DATA/MVO/miniseed_c/MVOE_/1996/10/9610-30-1055-41S.MVO_21_1.mseed,r,['r'],0.832,0.154,0.144,0.134,0.058,0.11,0.039,0.078,0.0,0.0,34,['e'],['r']
453,/home/thompsong/DATA/MVO/miniseed_c/MVOE_/1996/10/9610-26-1426-43S.MVO_21_2.mseed,t,['t'],0.033,0.076,0.002,0.004,0.101,0.114,0.173,0.143,0.692,0.092,34,['h'],['t']
454,/home/thompsong/DATA/MVO/miniseed_c/MVOE_/1996/10/9610-28-0048-10S.MVO_21_1.mseed,e,['e' 'r'],0.474,0.405,0.745,0.146,0.078,0.098,0.073,0.117,0.002,0.01,34,['e'],['e' 'r']
455,/home/thompsong/DATA/MVO/miniseed_c/MVOE_/1998/10/9810-31-1752-39S.MVO_13_1.mseed,t,['t'],0.003,0.012,0.002,0.007,0.012,0.033,0.037,0.047,0.947,0.062,16,['t'],['t']
456,/home/thompsong/DATA/MVO/miniseed_c/MVOE_/1998/10/9810-29-1130-13S.MVO_13_1.mseed,t,['t'],0.014,0.055,0.03,0.085,0.002,0.007,0.057,0.049,0.911,0.102,16,['t'],['t']
457,/home/thompsong/DATA/MVO/miniseed_c/MVOE_/1997/04/9704-01-2051-00S.MVO_18_1.mseed,e,['e' 'r'],0.5,0.424,0.781,0.151,0.055,0.098,0.034,0.073,0.021,0.062,34,['e'],['e' 'r']
458,/home/thompsong/DATA/MVO/miniseed_c/MVOE_/1997/04/9704-02-1928-49S.MVO_18_1.mseed,e,['e' 'r'],0.479,0.424,0.774,0.156,0.086,0.122,0.026,0.069,0.023,0.062,34,['e'],['e' 'r']
459,/home/thompsong/DATA/MVO/miniseed_c/MVOE_/1996/10/9610-24-0243-08S.MVO_21_1.mseed,h,['h'],0.033,0.081,0.015,0.045,0.116,0.131,0.798,0.145,0.045,0.079,34,['h'],['h']
460,/home/thompsong/DATA/MVO/miniseed_c/MVOE_/2000/11/2000-11-28-1133-09S.MVO___019.mseed,e,['r' 'e'],0.537,0.436,0.826,0.133,0.012,0.019,0.037,0.081,0.001,0.002,16,['e'],['r' 'e']
461,/home/thompsong/DATA/MVO/miniseed_c/MVOE_/1996/10/9610-30-2334-10S.MVO_21_1.mseed,h,['h'],0.059,0.104,0.045,0.088,0.151,0.112,0.747,0.142,0.02,0.038,34,['t'],['h']
462,/home/thompsong/DATA/MVO/miniseed_c/MVOE_/1997/04/9704-07-1354-43S.MVO_18_1.mseed,r,['r'],0.863,0.158,0.168,0.142,0.046,0.108,0.004,0.015,0.004,0.01,34,['e'],['r']
463,/home/thompsong/DATA/MVO/miniseed_c/MVOE_/2001/03/2001-03-07-0021-05S.MVO___019.mseed,r,['r'],0.854,0.142,0.124,0.107,0.077,0.104,0.007,0.02,0.0,0.0,16,['r'],['r']
