,class,year,month,day,hour,minute,second,length,path
0,r,1901.0,3.0,6.0,21.0,13.0,28.0,83.7877377311,/Users/thompsong/Dropbox/MVO_labelled_events/r/2001-03-06-2113-28S.MVO___019
1,r,1901.0,3.0,6.0,21.0,24.0,49.0,105.732145232,/Users/thompsong/Dropbox/MVO_labelled_events/r/2001-03-06-2124-49S.MVO___019
2,r,1901.0,3.0,6.0,21.0,36.0,3.0,55.8584918207,/Users/thompsong/Dropbox/MVO_labelled_events/r/2001-03-06-2136-03S.MVO___019
3,r,1901.0,3.0,6.0,21.0,46.0,22.0,74.810480117,/Users/thompsong/Dropbox/MVO_labelled_events/r/2001-03-06-2146-22S.MVO___019
4,r,1901.0,3.0,6.0,21.0,59.0,11.0,113.711929778,/Users/thompsong/Dropbox/MVO_labelled_events/r/2001-03-06-2159-11S.MVO___019
7,r,1901.0,3.0,6.0,22.0,10.0,54.0,147.626014098,/Users/thompsong/Dropbox/MVO_labelled_events/r/2001-03-06-2210-54S.MVO___019
9,r,1901.0,3.0,6.0,22.0,29.0,23.0,58.8509110254,/Users/thompsong/Dropbox/MVO_labelled_events/r/2001-03-06-2229-23S.MVO___019
13,r,1901.0,3.0,6.0,23.0,4.0,16.0,44.8862880702,/Users/thompsong/Dropbox/MVO_labelled_events/r/2001-03-06-2304-16S.MVO___019
20,r,1901.0,3.0,6.0,23.0,29.0,50.0,56.8559648889,/Users/thompsong/Dropbox/MVO_labelled_events/r/2001-03-06-2329-50S.MVO___019
28,r,1901.0,3.0,7.0,0.0,21.0,5.0,56.8559648889,/Users/thompsong/Dropbox/MVO_labelled_events/r/2001-03-07-0021-05S.MVO___019
31,r,1901.0,3.0,7.0,0.0,54.0,23.0,53.8635456843,/Users/thompsong/Dropbox/MVO_labelled_events/r/2001-03-07-0054-23S.MVO___019
32,r,1901.0,3.0,7.0,0.0,56.0,57.0,57.8534379572,/Users/thompsong/Dropbox/MVO_labelled_events/r/2001-03-07-0056-57S.MVO___019
39,r,1901.0,3.0,7.0,1.0,54.0,48.0,59.8483840936,/Users/thompsong/Dropbox/MVO_labelled_events/r/2001-03-07-0154-48S.MVO___019
51,r,1901.0,3.0,7.0,2.0,58.0,2.0,41.8938688655,/Users/thompsong/Dropbox/MVO_labelled_events/r/2001-03-07-0258-02S.MVO___019
53,r,1901.0,3.0,7.0,3.0,31.0,20.0,44.8862880702,/Users/thompsong/Dropbox/MVO_labelled_events/r/2001-03-07-0331-20S.MVO___019
73,r,1901.0,3.0,7.0,6.0,19.0,52.0,59.8483840936,/Users/thompsong/Dropbox/MVO_labelled_events/r/2001-03-07-0619-52S.MVO___019
94,r,1901.0,3.0,7.0,8.0,13.0,45.0,43.888815002,/Users/thompsong/Dropbox/MVO_labelled_events/r/2001-03-07-0813-45S.MVO___019
96,r,1901.0,3.0,7.0,8.0,42.0,4.0,56.8559648889,/Users/thompsong/Dropbox/MVO_labelled_events/r/2001-03-07-0842-04S.MVO___019
98,r,1901.0,3.0,7.0,8.0,53.0,23.0,48.8761803431,/Users/thompsong/Dropbox/MVO_labelled_events/r/2001-03-07-0853-23S.MVO___019
103,r,1901.0,3.0,7.0,9.0,45.0,40.0,47.8787072749,/Users/thompsong/Dropbox/MVO_labelled_events/r/2001-03-07-0945-40S.MVO___019
107,r,1901.0,3.0,7.0,10.0,39.0,0.0,54.8610187525,/Users/thompsong/Dropbox/MVO_labelled_events/r/2001-03-07-1039-00S.MVO___019
114,r,1901.0,3.0,7.0,11.0,35.0,7.0,54.8610187525,/Users/thompsong/Dropbox/MVO_labelled_events/r/2001-03-07-1135-07S.MVO___019
134,r,1996.0,10.0,23.0,22.0,35.0,49.04,82.7902646629,/Users/thompsong/Dropbox/MVO_labelled_events/r/9610-23-2235-49S.MVO_21_1
138,r,1996.0,10.0,24.0,0.0,38.0,4.04,57.8534379572,/Users/thompsong/Dropbox/MVO_labelled_events/r/9610-24-0038-04S.MVO_21_1
160,r,1996.0,10.0,24.0,16.0,47.0,18.04,32.9166112515,/Users/thompsong/Dropbox/MVO_labelled_events/r/9610-24-1647-18S.MVO_21_1
164,r,1996.0,10.0,25.0,0.0,28.0,6.04,39.8989227291,/Users/thompsong/Dropbox/MVO_labelled_events/r/9610-25-0028-06S.MVO_21_1
193,r,1996.0,10.0,25.0,7.0,53.0,29.04,49.8736534114,/Users/thompsong/Dropbox/MVO_labelled_events/r/9610-25-0753-29S.MVO_21_1
205,r,1996.0,10.0,25.0,10.0,9.0,35.04,57.8534379572,/Users/thompsong/Dropbox/MVO_labelled_events/r/9610-25-1009-35S.MVO_21_1
208,r,1996.0,10.0,25.0,14.0,6.0,9.04,57.8534379572,/Users/thompsong/Dropbox/MVO_labelled_events/r/9610-25-1406-09S.MVO_21_1
218,r,1996.0,10.0,26.0,2.0,55.0,47.04,109.722037505,/Users/thompsong/Dropbox/MVO_labelled_events/r/9610-26-0255-47S.MVO_21_1
222,r,1996.0,10.0,26.0,5.0,33.0,53.04,90.7700492087,/Users/thompsong/Dropbox/MVO_labelled_events/r/9610-26-0533-53S.MVO_21_1
223,r,1996.0,10.0,26.0,6.0,9.0,14.04,51.8685995478,/Users/thompsong/Dropbox/MVO_labelled_events/r/9610-26-0609-14S.MVO_21_1
281,r,1996.0,10.0,26.0,16.0,47.0,36.04,57.8534379572,/Users/thompsong/Dropbox/MVO_labelled_events/r/9610-26-1647-36S.MVO_21_1
314,r,1996.0,10.0,27.0,3.0,3.0,38.04,43.888815002,/Users/thompsong/Dropbox/MVO_labelled_events/r/9610-27-0303-38S.MVO_21_1
317,r,1996.0,10.0,27.0,5.0,23.0,4.04,54.8610187525,/Users/thompsong/Dropbox/MVO_labelled_events/r/9610-27-0523-04S.MVO_21_1
318,r,1996.0,10.0,27.0,8.0,8.0,38.04,50.8711264796,/Users/thompsong/Dropbox/MVO_labelled_events/r/9610-27-0808-38S.MVO_21_1
319,r,1996.0,10.0,27.0,10.0,24.0,38.04,39.8989227291,/Users/thompsong/Dropbox/MVO_labelled_events/r/9610-27-1024-38S.MVO_21_1
353,r,1996.0,10.0,28.0,4.0,23.0,16.04,53.8635456843,/Users/thompsong/Dropbox/MVO_labelled_events/r/9610-28-0423-16S.MVO_21_1
357,r,1996.0,10.0,28.0,8.0,5.0,50.04,43.888815002,/Users/thompsong/Dropbox/MVO_labelled_events/r/9610-28-0805-50S.MVO_21_1
359,r,1996.0,10.0,28.0,11.0,23.0,38.04,40.8963957973,/Users/thompsong/Dropbox/MVO_labelled_events/r/9610-28-1123-38S.MVO_21_1
360,r,1996.0,10.0,28.0,11.0,32.0,56.04,48.8761803431,/Users/thompsong/Dropbox/MVO_labelled_events/r/9610-28-1132-56S.MVO_21_1
362,r,1996.0,10.0,28.0,18.0,15.0,34.04,58.8509110254,/Users/thompsong/Dropbox/MVO_labelled_events/r/9610-28-1815-34S.MVO_21_1
365,r,1996.0,10.0,29.0,1.0,27.0,2.04,97.7523606863,/Users/thompsong/Dropbox/MVO_labelled_events/r/9610-29-0127-02S.MVO_21_1
370,r,1996.0,10.0,29.0,11.0,34.0,30.04,40.8963957973,/Users/thompsong/Dropbox/MVO_labelled_events/r/9610-29-1134-30S.MVO_21_1
372,r,1996.0,10.0,29.0,12.0,46.0,42.04,45.8837611384,/Users/thompsong/Dropbox/MVO_labelled_events/r/9610-29-1246-42S.MVO_21_1
382,r,1996.0,10.0,29.0,20.0,20.0,14.04,51.8685995478,/Users/thompsong/Dropbox/MVO_labelled_events/r/9610-29-2020-14S.MVO_21_1
384,r,1996.0,10.0,29.0,23.0,8.0,56.04,36.9065035244,/Users/thompsong/Dropbox/MVO_labelled_events/r/9610-29-2308-56S.MVO_21_1
385,r,1996.0,10.0,29.0,23.0,49.0,7.04,55.8584918207,/Users/thompsong/Dropbox/MVO_labelled_events/r/9610-29-2349-07S.MVO_21_1
386,r,1996.0,10.0,30.0,0.0,40.0,23.04,37.9039765926,/Users/thompsong/Dropbox/MVO_labelled_events/r/9610-30-0040-23S.MVO_21_1
393,r,1996.0,10.0,30.0,4.0,39.0,42.04,43.888815002,/Users/thompsong/Dropbox/MVO_labelled_events/r/9610-30-0439-42S.MVO_21_1
396,r,1996.0,10.0,30.0,8.0,18.0,1.04,54.8610187525,/Users/thompsong/Dropbox/MVO_labelled_events/r/9610-30-0818-01S.MVO_21_1
398,r,1996.0,10.0,30.0,10.0,55.0,41.04,92.7649953451,/Users/thompsong/Dropbox/MVO_labelled_events/r/9610-30-1055-41S.MVO_21_1
453,r,1996.0,10.0,31.0,16.0,1.0,0.04,29.9241920468,/Users/thompsong/Dropbox/MVO_labelled_events/r/9610-31-1601-00S.MVO_21_1
458,r,1997.0,4.0,1.0,0.0,38.0,59.04,120.694241255,/Users/thompsong/Dropbox/MVO_labelled_events/r/9704-01-0038-59S.MVO_18_1
557,r,1997.0,4.0,1.0,16.0,20.0,41.04,120.694241255,/Users/thompsong/Dropbox/MVO_labelled_events/r/9704-01-1620-41S.MVO_18_1
667,r,1997.0,4.0,2.0,16.0,19.0,52.04,55.8584918207,/Users/thompsong/Dropbox/MVO_labelled_events/r/9704-02-1619-52S.MVO_18_1
691,r,1997.0,4.0,2.0,20.0,30.0,35.04,110.719510573,/Users/thompsong/Dropbox/MVO_labelled_events/r/9704-02-2030-35S.MVO_18_1
1010,r,1997.0,4.0,7.0,13.0,54.0,43.04,62.8408032983,/Users/thompsong/Dropbox/MVO_labelled_events/r/9704-07-1354-43S.MVO_18_1
1012,r,1997.0,4.0,7.0,14.0,56.0,53.04,120.694241255,/Users/thompsong/Dropbox/MVO_labelled_events/r/9704-07-1456-53S.MVO_18_1
1013,r,1997.0,4.0,7.0,15.0,0.0,39.04,120.694241255,/Users/thompsong/Dropbox/MVO_labelled_events/r/9704-07-1500-39S.MVO_18_1
1015,r,1997.0,4.0,7.0,15.0,21.0,26.04,86.7801569358,/Users/thompsong/Dropbox/MVO_labelled_events/r/9704-07-1521-26S.MVO_18_1
1036,r,1997.0,4.0,7.0,19.0,44.0,30.04,74.810480117,/Users/thompsong/Dropbox/MVO_labelled_events/r/9704-07-1944-30S.MVO_18_1
1038,r,1997.0,4.0,7.0,20.0,53.0,43.04,120.694241255,/Users/thompsong/Dropbox/MVO_labelled_events/r/9704-07-2053-43S.MVO_18_1
1051,r,1997.0,4.0,8.0,2.0,28.0,38.04,61.8433302301,/Users/thompsong/Dropbox/MVO_labelled_events/r/9704-08-0228-38S.MVO_18_1
1056,r,1997.0,4.0,8.0,8.0,25.0,23.04,120.694241255,/Users/thompsong/Dropbox/MVO_labelled_events/r/9704-08-0825-23S.MVO_18_1
1060,r,1997.0,4.0,8.0,12.0,31.0,2.04,109.722037505,/Users/thompsong/Dropbox/MVO_labelled_events/r/9704-08-1231-02S.MVO_18_1
1062,r,1997.0,4.0,8.0,13.0,10.0,21.04,112.71445671,/Users/thompsong/Dropbox/MVO_labelled_events/r/9704-08-1310-21S.MVO_18_1
1066,r,1997.0,4.0,8.0,15.0,2.0,53.04,120.694241255,/Users/thompsong/Dropbox/MVO_labelled_events/r/9704-08-1502-53S.MVO_18_1
1071,r,1997.0,4.0,8.0,16.0,28.0,14.04,120.694241255,/Users/thompsong/Dropbox/MVO_labelled_events/r/9704-08-1628-14S.MVO_18_1
1119,r,1997.0,4.0,9.0,13.0,47.0,3.04,120.694241255,/Users/thompsong/Dropbox/MVO_labelled_events/r/9704-09-1347-03S.MVO_18_1
1228,r,1997.0,4.0,11.0,17.0,24.0,41.04,58.8509110254,/Users/thompsong/Dropbox/MVO_labelled_events/r/9704-11-1724-41S.MVO_18_1
1242,r,1997.0,4.0,11.0,18.0,14.0,19.04,83.7877377311,/Users/thompsong/Dropbox/MVO_labelled_events/r/9704-11-1814-19S.MVO_18_1
1251,r,1997.0,4.0,11.0,18.0,47.0,51.04,103.737199096,/Users/thompsong/Dropbox/MVO_labelled_events/r/9704-11-1847-51S.MVO_18_1
1255,r,1997.0,4.0,11.0,20.0,57.0,18.04,69.8231147759,/Users/thompsong/Dropbox/MVO_labelled_events/r/9704-11-2057-18S.MVO_18_1
1260,r,1997.0,4.0,12.0,0.0,10.0,30.04,77.8028993217,/Users/thompsong/Dropbox/MVO_labelled_events/r/9704-12-0010-30S.MVO_18_1
1392,r,1997.0,4.0,14.0,7.0,12.0,30.04,73.8130070488,/Users/thompsong/Dropbox/MVO_labelled_events/r/9704-14-0712-30S.MVO_18_1
1891,r,1997.0,4.0,22.0,15.0,3.0,26.04,45.8837611384,/Users/thompsong/Dropbox/MVO_labelled_events/r/9704-22-1503-26S.MVO_18_1
1899,r,1997.0,4.0,22.0,17.0,2.0,15.04,59.8483840936,/Users/thompsong/Dropbox/MVO_labelled_events/r/9704-22-1702-15S.MVO_18_1
2001,r,1997.0,4.0,23.0,7.0,45.0,53.04,67.8281686394,/Users/thompsong/Dropbox/MVO_labelled_events/r/9704-23-0745-53S.MVO_18_1
2261,r,1997.0,4.0,25.0,0.0,19.0,35.04,49.8736534114,/Users/thompsong/Dropbox/MVO_labelled_events/r/9704-25-0019-35S.MVO_18_1
2769,r,1998.0,4.0,2.0,8.0,57.0,3.04,55.8584918207,/Users/thompsong/Dropbox/MVO_labelled_events/r/9804-02-0857-03S.MVO_18_1
2808,r,1998.0,4.0,4.0,4.0,32.0,43.04,89.7725761404,/Users/thompsong/Dropbox/MVO_labelled_events/r/9804-04-0432-43S.MVO_18_1
2812,r,1998.0,4.0,4.0,12.0,35.0,51.04,93.7624684134,/Users/thompsong/Dropbox/MVO_labelled_events/r/9804-04-1235-51S.MVO_18_1
2932,r,1998.0,4.0,11.0,16.0,36.0,15.04,33.9140843197,/Users/thompsong/Dropbox/MVO_labelled_events/r/9804-11-1636-15S.MVO_18_1
3131,r,1998.0,10.0,8.0,1.0,50.0,48.04,120.694241255,/Users/thompsong/Dropbox/MVO_labelled_events/r/9810-08-0150-48S.MVO_13_1
3138,r,1998.0,10.0,8.0,6.0,33.0,22.04,49.8736534114,/Users/thompsong/Dropbox/MVO_labelled_events/r/9810-08-0633-22S.MVO_13_1
3156,r,1998.0,10.0,10.0,8.0,42.0,25.04,50.8711264796,/Users/thompsong/Dropbox/MVO_labelled_events/r/9810-10-0842-25S.MVO_13_1
3228,r,1998.0,10.0,12.0,7.0,31.0,22.04,57.8534379572,/Users/thompsong/Dropbox/MVO_labelled_events/r/9810-12-0731-22S.MVO_13_1
3468,r,1998.0,10.0,23.0,16.0,14.0,45.04,59.8483840936,/Users/thompsong/Dropbox/MVO_labelled_events/r/9810-23-1614-45S.MVO_13_1
3560,r,1998.0,10.0,26.0,4.0,51.0,3.04,120.694241255,/Users/thompsong/Dropbox/MVO_labelled_events/r/9810-26-0451-03S.MVO_13_1
3665,r,1998.0,10.0,29.0,1.0,51.0,41.04,120.694241255,/Users/thompsong/Dropbox/MVO_labelled_events/r/9810-29-0151-41S.MVO_13_1
3774,r,1999.0,1.0,1.0,8.0,13.0,29.04,44.8862880702,/Users/thompsong/Dropbox/MVO_labelled_events/r/9901-01-0813-29S.MVO_14_1
3874,r,1999.0,12.0,11.0,5.0,23.0,9.04,53.8635456843,/Users/thompsong/Dropbox/MVO_labelled_events/r/9912-11-0523-09S.MVO_19_1
4087,r,1999.0,12.0,22.0,9.0,26.0,55.04,55.8584918207,/Users/thompsong/Dropbox/MVO_labelled_events/r/9912-22-0926-55S.MVO_19_1
4550,r,2000.0,2.0,4.0,15.0,18.0,45.04,51.8685995478,/Users/thompsong/Dropbox/MVO_labelled_events/r/2000-02-04-1518-45S.MVO___019
7113,r,2000.0,3.0,20.0,21.0,12.0,20.0,45.8837611384,/Users/thompsong/Dropbox/MVO_labelled_events/r/2000-03-20-2112-20S.MVO___019
7387,r,2000.0,3.0,25.0,21.0,39.0,5.0,59.8483840936,/Users/thompsong/Dropbox/MVO_labelled_events/r/2000-03-25-2139-05S.MVO___019
7414,r,2000.0,3.0,26.0,7.0,6.0,51.0,56.8559648889,/Users/thompsong/Dropbox/MVO_labelled_events/r/2000-03-26-0706-51S.MVO___019
10105,r,2001.0,8.0,1.0,0.0,10.0,54.0,51.0,/Users/thompsong/Dropbox/MVO_labelled_events/r/2001-08-01-0010-54S.MVO___018
10111,r,2001.0,8.0,1.0,2.0,40.0,24.0,56.0,/Users/thompsong/Dropbox/MVO_labelled_events/r/2001-08-01-0240-24S.MVO___018
10115,r,2001.0,8.0,1.0,3.0,28.0,4.0,57.0,/Users/thompsong/Dropbox/MVO_labelled_events/r/2001-08-01-0328-04S.MVO___018
10124,r,2001.0,8.0,1.0,22.0,24.0,11.0,63.0,/Users/thompsong/Dropbox/MVO_labelled_events/r/2001-08-01-2224-11S.MVO___018
10161,r,2001.0,8.0,2.0,19.0,24.0,52.0,56.0,/Users/thompsong/Dropbox/MVO_labelled_events/r/2001-08-02-1924-52S.MVO___018
10169,r,2001.0,8.0,2.0,22.0,3.0,8.0,62.0,/Users/thompsong/Dropbox/MVO_labelled_events/r/2001-08-02-2203-08S.MVO___018
10310,r,2001.0,8.0,8.0,13.0,44.0,24.0,58.0,/Users/thompsong/Dropbox/MVO_labelled_events/r/2001-08-08-1344-24S.MVO___018
10799,r,2001.0,9.0,1.0,13.0,50.0,12.0,60.0,/Users/thompsong/Dropbox/MVO_labelled_events/r/2001-09-01-1350-12S.MVO___014
10924,r,2001.0,9.0,5.0,1.0,19.0,53.0,60.0,/Users/thompsong/Dropbox/MVO_labelled_events/r/2001-09-05-0119-53S.MVO___014
11302,r,2001.0,9.0,14.0,8.0,41.0,59.0,60.0,/Users/thompsong/Dropbox/MVO_labelled_events/r/2001-09-14-0841-59S.MVO___014
12488,r,2001.0,9.0,27.0,3.0,47.0,33.0,75.0,/Users/thompsong/Dropbox/MVO_labelled_events/r/2001-09-27-0347-33S.MVO___014
13260,r,2001.0,11.0,23.0,20.0,22.0,46.0,59.0,/Users/thompsong/Dropbox/MVO_labelled_events/r/2001-11-23-2022-46S.MVO___015
13421,r,2001.0,11.0,27.0,4.0,15.0,9.0,70.0,/Users/thompsong/Dropbox/MVO_labelled_events/r/2001-11-27-0415-09S.MVO___015
13627,r,2002.0,4.0,1.0,7.0,49.0,0.0,56.0,/Users/thompsong/Dropbox/MVO_labelled_events/r/2002-04-01-0749-00S.MVO___014
17416,r,2002.0,4.0,29.0,21.0,51.0,22.0,104.0,/Users/thompsong/Dropbox/MVO_labelled_events/r/2002-04-29-2151-22S.MVO___014
17489,r,2002.0,4.0,30.0,20.0,48.0,36.0,93.0,/Users/thompsong/Dropbox/MVO_labelled_events/r/2002-04-30-2048-36S.MVO___014
55,e,1901.0,3.0,7.0,3.0,42.0,13.0,74.810480117,/Users/thompsong/Dropbox/MVO_labelled_events/e/2001-03-07-0342-13S.MVO___019
104,e,1901.0,3.0,7.0,10.0,11.0,40.0,93.7624684134,/Users/thompsong/Dropbox/MVO_labelled_events/e/2001-03-07-1011-40S.MVO___019
332,e,1996.0,10.0,27.0,22.0,30.0,44.04,79.7978454582,/Users/thompsong/Dropbox/MVO_labelled_events/e/9610-27-2230-44S.MVO_21_1
339,e,1996.0,10.0,28.0,0.0,48.0,10.04,75.8079531853,/Users/thompsong/Dropbox/MVO_labelled_events/e/9610-28-0048-10S.MVO_21_1
388,e,1996.0,10.0,30.0,2.0,31.0,34.04,88.7751030722,/Users/thompsong/Dropbox/MVO_labelled_events/e/9610-30-0231-34S.MVO_21_1
465,e,1997.0,4.0,1.0,1.0,48.0,36.04,66.8306955712,/Users/thompsong/Dropbox/MVO_labelled_events/e/9704-01-0148-36S.MVO_18_1
466,e,1997.0,4.0,1.0,1.0,58.0,25.04,120.694241255,/Users/thompsong/Dropbox/MVO_labelled_events/e/9704-01-0158-25S.MVO_18_1
470,e,1997.0,4.0,1.0,2.0,29.0,59.04,97.7523606863,/Users/thompsong/Dropbox/MVO_labelled_events/e/9704-01-0229-59S.MVO_18_1
471,e,1997.0,4.0,1.0,2.0,56.0,42.04,80.7953185264,/Users/thompsong/Dropbox/MVO_labelled_events/e/9704-01-0256-42S.MVO_18_1
485,e,1997.0,4.0,1.0,4.0,24.0,38.04,119.696768187,/Users/thompsong/Dropbox/MVO_labelled_events/e/9704-01-0424-38S.MVO_18_1
486,e,1997.0,4.0,1.0,4.0,31.0,51.04,108.724564437,/Users/thompsong/Dropbox/MVO_labelled_events/e/9704-01-0431-51S.MVO_18_1
504,e,1997.0,4.0,1.0,7.0,15.0,53.04,120.694241255,/Users/thompsong/Dropbox/MVO_labelled_events/e/9704-01-0715-53S.MVO_18_1
516,e,1997.0,4.0,1.0,9.0,29.0,28.04,101.742252959,/Users/thompsong/Dropbox/MVO_labelled_events/e/9704-01-0929-28S.MVO_18_1
536,e,1997.0,4.0,1.0,12.0,29.0,6.04,120.694241255,/Users/thompsong/Dropbox/MVO_labelled_events/e/9704-01-1229-06S.MVO_18_1
546,e,1997.0,4.0,1.0,14.0,32.0,59.04,120.694241255,/Users/thompsong/Dropbox/MVO_labelled_events/e/9704-01-1432-59S.MVO_18_1
559,e,1997.0,4.0,1.0,16.0,30.0,14.04,120.694241255,/Users/thompsong/Dropbox/MVO_labelled_events/e/9704-01-1630-14S.MVO_18_1
583,e,1997.0,4.0,1.0,20.0,51.0,0.04,120.694241255,/Users/thompsong/Dropbox/MVO_labelled_events/e/9704-01-2051-00S.MVO_18_1
609,e,1997.0,4.0,2.0,4.0,56.0,7.04,95.7574145498,/Users/thompsong/Dropbox/MVO_labelled_events/e/9704-02-0456-07S.MVO_18_1
629,e,1997.0,4.0,2.0,8.0,59.0,59.04,120.694241255,/Users/thompsong/Dropbox/MVO_labelled_events/e/9704-02-0859-59S.MVO_18_1
637,e,1997.0,4.0,2.0,11.0,8.0,18.04,120.694241255,/Users/thompsong/Dropbox/MVO_labelled_events/e/9704-02-1108-18S.MVO_18_1
666,e,1997.0,4.0,2.0,16.0,16.0,28.04,87.777630004,/Users/thompsong/Dropbox/MVO_labelled_events/e/9704-02-1616-28S.MVO_18_1
674,e,1997.0,4.0,2.0,17.0,26.0,42.04,92.7649953451,/Users/thompsong/Dropbox/MVO_labelled_events/e/9704-02-1726-42S.MVO_18_1
680,e,1997.0,4.0,2.0,18.0,15.0,54.04,120.694241255,/Users/thompsong/Dropbox/MVO_labelled_events/e/9704-02-1815-54S.MVO_18_1
685,e,1997.0,4.0,2.0,19.0,28.0,49.04,59.8483840936,/Users/thompsong/Dropbox/MVO_labelled_events/e/9704-02-1928-49S.MVO_18_1
697,e,1997.0,4.0,2.0,21.0,37.0,58.04,120.694241255,/Users/thompsong/Dropbox/MVO_labelled_events/e/9704-02-2137-58S.MVO_18_1
705,e,1997.0,4.0,2.0,23.0,3.0,59.04,87.777630004,/Users/thompsong/Dropbox/MVO_labelled_events/e/9704-02-2303-59S.MVO_18_1
712,e,1997.0,4.0,2.0,23.0,44.0,43.04,108.724564437,/Users/thompsong/Dropbox/MVO_labelled_events/e/9704-02-2344-43S.MVO_18_1
714,e,1997.0,4.0,3.0,0.0,10.0,35.04,108.724564437,/Users/thompsong/Dropbox/MVO_labelled_events/e/9704-03-0010-35S.MVO_18_1
722,e,1997.0,4.0,3.0,0.0,58.0,31.04,120.694241255,/Users/thompsong/Dropbox/MVO_labelled_events/e/9704-03-0058-31S.MVO_18_1
724,e,1997.0,4.0,3.0,1.0,32.0,5.04,98.7498337545,/Users/thompsong/Dropbox/MVO_labelled_events/e/9704-03-0132-05S.MVO_18_1
727,e,1997.0,4.0,3.0,1.0,55.0,44.04,120.694241255,/Users/thompsong/Dropbox/MVO_labelled_events/e/9704-03-0155-44S.MVO_18_1
730,e,1997.0,4.0,3.0,2.0,23.0,43.04,106.7296183,/Users/thompsong/Dropbox/MVO_labelled_events/e/9704-03-0223-43S.MVO_18_1
736,e,1997.0,4.0,3.0,3.0,5.0,53.04,95.7574145498,/Users/thompsong/Dropbox/MVO_labelled_events/e/9704-03-0305-53S.MVO_18_1
961,e,1997.0,4.0,5.0,11.0,14.0,46.04,79.7978454582,/Users/thompsong/Dropbox/MVO_labelled_events/e/9704-05-1114-46S.MVO_18_1
963,e,1997.0,4.0,5.0,11.0,56.0,54.04,80.7953185264,/Users/thompsong/Dropbox/MVO_labelled_events/e/9704-05-1156-54S.MVO_18_1
1001,e,1997.0,4.0,7.0,9.0,42.0,10.04,120.694241255,/Users/thompsong/Dropbox/MVO_labelled_events/e/9704-07-0942-10S.MVO_18_1
1009,e,1997.0,4.0,7.0,13.0,52.0,44.04,100.744779891,/Users/thompsong/Dropbox/MVO_labelled_events/e/9704-07-1352-44S.MVO_18_1
1017,e,1997.0,4.0,7.0,15.0,54.0,53.04,120.694241255,/Users/thompsong/Dropbox/MVO_labelled_events/e/9704-07-1554-53S.MVO_18_1
1027,e,1997.0,4.0,7.0,18.0,34.0,13.04,120.694241255,/Users/thompsong/Dropbox/MVO_labelled_events/e/9704-07-1834-13S.MVO_18_1
1050,e,1997.0,4.0,8.0,1.0,42.0,38.04,117.701822051,/Users/thompsong/Dropbox/MVO_labelled_events/e/9704-08-0142-38S.MVO_18_1
1061,e,1997.0,4.0,8.0,12.0,47.0,36.04,120.694241255,/Users/thompsong/Dropbox/MVO_labelled_events/e/9704-08-1247-36S.MVO_18_1
1084,e,1997.0,4.0,8.0,19.0,59.0,27.04,98.7498337545,/Users/thompsong/Dropbox/MVO_labelled_events/e/9704-08-1959-27S.MVO_18_1
1125,e,1997.0,4.0,9.0,17.0,34.0,49.04,120.694241255,/Users/thompsong/Dropbox/MVO_labelled_events/e/9704-09-1734-49S.MVO_18_1
1127,e,1997.0,4.0,9.0,17.0,46.0,17.04,120.694241255,/Users/thompsong/Dropbox/MVO_labelled_events/e/9704-09-1746-17S.MVO_18_1
1190,e,1997.0,4.0,11.0,3.0,19.0,47.04,111.716983641,/Users/thompsong/Dropbox/MVO_labelled_events/e/9704-11-0319-47S.MVO_18_1
1202,e,1997.0,4.0,11.0,8.0,41.0,16.04,120.694241255,/Users/thompsong/Dropbox/MVO_labelled_events/e/9704-11-0841-16S.MVO_18_1
1226,e,1997.0,4.0,11.0,17.0,13.0,28.04,80.7953185264,/Users/thompsong/Dropbox/MVO_labelled_events/e/9704-11-1713-28S.MVO_18_1
1249,e,1997.0,4.0,11.0,18.0,40.0,27.04,71.8180609124,/Users/thompsong/Dropbox/MVO_labelled_events/e/9704-11-1840-27S.MVO_18_1
1253,e,1997.0,4.0,11.0,20.0,23.0,15.04,93.7624684134,/Users/thompsong/Dropbox/MVO_labelled_events/e/9704-11-2023-15S.MVO_18_1
1258,e,1997.0,4.0,11.0,22.0,53.0,6.04,90.7700492087,/Users/thompsong/Dropbox/MVO_labelled_events/e/9704-11-2253-06S.MVO_18_1
1264,e,1997.0,4.0,12.0,2.0,57.0,40.04,120.694241255,/Users/thompsong/Dropbox/MVO_labelled_events/e/9704-12-0257-40S.MVO_18_1
1271,e,1997.0,4.0,12.0,7.0,5.0,2.04,78.8003723899,/Users/thompsong/Dropbox/MVO_labelled_events/e/9704-12-0705-02S.MVO_18_1
1372,e,1997.0,4.0,13.0,14.0,28.0,54.04,84.7852107993,/Users/thompsong/Dropbox/MVO_labelled_events/e/9704-13-1428-54S.MVO_18_1
1385,e,1997.0,4.0,13.0,20.0,31.0,57.04,78.8003723899,/Users/thompsong/Dropbox/MVO_labelled_events/e/9704-13-2031-57S.MVO_18_1
1413,e,1997.0,4.0,14.0,15.0,43.0,35.04,85.7826838675,/Users/thompsong/Dropbox/MVO_labelled_events/e/9704-14-1543-35S.MVO_18_1
1422,e,1997.0,4.0,14.0,21.0,55.0,16.04,120.694241255,/Users/thompsong/Dropbox/MVO_labelled_events/e/9704-14-2155-16S.MVO_18_1
1607,e,1997.0,4.0,17.0,10.0,54.0,45.04,120.694241255,/Users/thompsong/Dropbox/MVO_labelled_events/e/9704-17-1054-45S.MVO_18_1
1718,e,1997.0,4.0,19.0,1.0,35.0,19.04,73.8130070488,/Users/thompsong/Dropbox/MVO_labelled_events/e/9704-19-0135-19S.MVO_18_1
1847,e,1997.0,4.0,22.0,4.0,33.0,4.04,42.8913419338,/Users/thompsong/Dropbox/MVO_labelled_events/e/9704-22-0433-04S.MVO_18_1
2249,e,1997.0,4.0,24.0,21.0,1.0,27.04,120.694241255,/Users/thompsong/Dropbox/MVO_labelled_events/e/9704-24-2101-27S.MVO_18_1
2254,e,1997.0,4.0,24.0,23.0,9.0,9.04,120.694241255,/Users/thompsong/Dropbox/MVO_labelled_events/e/9704-24-2309-09S.MVO_18_1
2270,e,1997.0,4.0,25.0,1.0,44.0,2.04,120.694241255,/Users/thompsong/Dropbox/MVO_labelled_events/e/9704-25-0144-02S.MVO_18_1
2318,e,1997.0,4.0,25.0,16.0,16.0,40.04,120.694241255,/Users/thompsong/Dropbox/MVO_labelled_events/e/9704-25-1616-40S.MVO_18_1
2361,e,1997.0,4.0,25.0,23.0,44.0,28.04,111.716983641,/Users/thompsong/Dropbox/MVO_labelled_events/e/9704-25-2344-28S.MVO_18_1
2428,e,1997.0,4.0,26.0,17.0,9.0,53.04,120.694241255,/Users/thompsong/Dropbox/MVO_labelled_events/e/9704-26-1709-53S.MVO_18_1
2435,e,1997.0,4.0,26.0,19.0,41.0,26.04,120.694241255,/Users/thompsong/Dropbox/MVO_labelled_events/e/9704-26-1941-26S.MVO_18_1
2455,e,1997.0,4.0,26.0,23.0,51.0,59.04,120.694241255,/Users/thompsong/Dropbox/MVO_labelled_events/e/9704-26-2351-59S.MVO_18_1
2516,e,1997.0,4.0,27.0,19.0,38.0,27.04,120.694241255,/Users/thompsong/Dropbox/MVO_labelled_events/e/9704-27-1938-27S.MVO_18_1
2531,e,1997.0,4.0,27.0,22.0,34.0,6.04,120.694241255,/Users/thompsong/Dropbox/MVO_labelled_events/e/9704-27-2234-06S.MVO_18_1
2629,e,1997.0,4.0,29.0,0.0,54.0,20.04,120.694241255,/Users/thompsong/Dropbox/MVO_labelled_events/e/9704-29-0054-20S.MVO_18_1
2673,e,1997.0,4.0,29.0,18.0,17.0,9.04,82.7902646629,/Users/thompsong/Dropbox/MVO_labelled_events/e/9704-29-1817-09S.MVO_18_1
2699,e,1997.0,4.0,30.0,1.0,22.0,53.04,44.8862880702,/Users/thompsong/Dropbox/MVO_labelled_events/e/9704-30-0122-53S.MVO_18_1
2757,e,1997.0,4.0,30.0,23.0,21.0,6.04,120.694241255,/Users/thompsong/Dropbox/MVO_labelled_events/e/9704-30-2321-06S.MVO_18_1
3968,e,1999.0,12.0,15.0,10.0,55.0,7.04,120.694241255,/Users/thompsong/Dropbox/MVO_labelled_events/e/9912-15-1055-07S.MVO_19_1
6696,e,2000.0,3.0,9.0,22.0,40.0,50.04,54.8610187525,/Users/thompsong/Dropbox/MVO_labelled_events/e/2000-03-09-2240-50S.MVO___019
6731,e,2000.0,3.0,11.0,19.0,33.0,37.04,56.8559648889,/Users/thompsong/Dropbox/MVO_labelled_events/e/2000-03-11-1933-37S.MVO___019
6781,e,2000.0,3.0,14.0,0.0,16.0,58.04,59.8483840936,/Users/thompsong/Dropbox/MVO_labelled_events/e/2000-03-14-0016-58S.MVO___019
7090,e,2000.0,3.0,20.0,15.0,27.0,20.0,50.8711264796,/Users/thompsong/Dropbox/MVO_labelled_events/e/2000-03-20-1527-20S.MVO___019
7486,e,2000.0,11.0,20.0,0.0,25.0,56.0,220.441548078,/Users/thompsong/Dropbox/MVO_labelled_events/e/2000-11-20-0025-56S.MVO___019
7533,e,2000.0,11.0,20.0,18.0,41.0,20.0,249.368267057,/Users/thompsong/Dropbox/MVO_labelled_events/e/2000-11-20-1841-20S.MVO___019
7563,e,2000.0,11.0,21.0,1.0,59.0,35.0,158.598217848,/Users/thompsong/Dropbox/MVO_labelled_events/e/2000-11-21-0159-35S.MVO___019
7645,e,2000.0,11.0,21.0,23.0,53.0,27.0,244.380901716,/Users/thompsong/Dropbox/MVO_labelled_events/e/2000-11-21-2353-27S.MVO___019
8263,e,2000.0,11.0,28.0,11.0,33.0,9.0,159.595690916,/Users/thompsong/Dropbox/MVO_labelled_events/e/2000-11-28-1133-09S.MVO___019
10293,e,2001.0,8.0,7.0,1.0,25.0,26.0,55.0,/Users/thompsong/Dropbox/MVO_labelled_events/e/2001-08-07-0125-26S.MVO___018
12928,e,2001.0,11.0,20.0,3.0,10.0,36.0,68.0,/Users/thompsong/Dropbox/MVO_labelled_events/e/2001-11-20-0310-36S.MVO___015
13195,e,2001.0,11.0,23.0,3.0,59.0,0.0,60.0,/Users/thompsong/Dropbox/MVO_labelled_events/e/2001-11-23-0359-00S.MVO___015
13212,e,2001.0,11.0,23.0,7.0,45.0,17.0,54.0,/Users/thompsong/Dropbox/MVO_labelled_events/e/2001-11-23-0745-17S.MVO___015
13297,e,2001.0,11.0,24.0,7.0,55.0,37.0,69.0,/Users/thompsong/Dropbox/MVO_labelled_events/e/2001-11-24-0755-37S.MVO___015
13431,e,2001.0,11.0,27.0,9.0,12.0,58.0,55.0,/Users/thompsong/Dropbox/MVO_labelled_events/e/2001-11-27-0912-58S.MVO___015
14404,e,2002.0,4.0,7.0,7.0,48.0,53.0,59.0,/Users/thompsong/Dropbox/MVO_labelled_events/e/2002-04-07-0748-53S.MVO___014
15460,e,2002.0,4.0,14.0,13.0,17.0,20.0,77.0,/Users/thompsong/Dropbox/MVO_labelled_events/e/2002-04-14-1317-20S.MVO___014
16890,e,2002.0,4.0,25.0,22.0,21.0,22.0,96.0,/Users/thompsong/Dropbox/MVO_labelled_events/e/2002-04-25-2221-22S.MVO___014
16953,e,2002.0,4.0,26.0,3.0,58.0,24.0,106.0,/Users/thompsong/Dropbox/MVO_labelled_events/e/2002-04-26-0358-24S.MVO___014
22,l,1901.0,3.0,6.0,23.0,35.0,19.0,31.9191381833,/Users/thompsong/Dropbox/MVO_labelled_events/l/2001-03-06-2335-19S.MVO___019
43,l,1901.0,3.0,7.0,2.0,20.0,45.0,54.8610187525,/Users/thompsong/Dropbox/MVO_labelled_events/l/2001-03-07-0220-45S.MVO___019
52,l,1901.0,3.0,7.0,3.0,24.0,45.0,34.911557388,/Users/thompsong/Dropbox/MVO_labelled_events/l/2001-03-07-0324-45S.MVO___019
124,l,1901.0,3.0,7.0,12.0,31.0,42.0,33.9140843197,/Users/thompsong/Dropbox/MVO_labelled_events/l/2001-03-07-1231-42S.MVO___019
141,l,1996.0,10.0,24.0,2.0,21.0,25.04,32.9166112515,/Users/thompsong/Dropbox/MVO_labelled_events/l/9610-24-0221-25S.MVO_21_1
143,l,1996.0,10.0,24.0,2.0,42.0,9.04,31.9191381833,/Users/thompsong/Dropbox/MVO_labelled_events/l/9610-24-0242-09S.MVO_21_1
214,l,1996.0,10.0,25.0,20.0,17.0,39.04,56.8559648889,/Users/thompsong/Dropbox/MVO_labelled_events/l/9610-25-2017-39S.MVO_21_1
457,l,1997.0,4.0,1.0,0.0,29.0,33.04,32.9166112515,/Users/thompsong/Dropbox/MVO_labelled_events/l/9704-01-0029-33S.MVO_18_1
460,l,1997.0,4.0,1.0,1.0,6.0,33.04,40.8963957973,/Users/thompsong/Dropbox/MVO_labelled_events/l/9704-01-0106-33S.MVO_18_1
461,l,1997.0,4.0,1.0,1.0,16.0,16.04,36.9065035244,/Users/thompsong/Dropbox/MVO_labelled_events/l/9704-01-0116-16S.MVO_18_1
463,l,1997.0,4.0,1.0,1.0,25.0,8.04,31.9191381833,/Users/thompsong/Dropbox/MVO_labelled_events/l/9704-01-0125-08S.MVO_18_1
464,l,1997.0,4.0,1.0,1.0,35.0,15.04,37.9039765926,/Users/thompsong/Dropbox/MVO_labelled_events/l/9704-01-0135-15S.MVO_18_1
467,l,1997.0,4.0,1.0,2.0,22.0,33.04,30.921665115,/Users/thompsong/Dropbox/MVO_labelled_events/l/9704-01-0222-33S.MVO_18_1
478,l,1997.0,4.0,1.0,3.0,48.0,40.04,46.8812342067,/Users/thompsong/Dropbox/MVO_labelled_events/l/9704-01-0348-40S.MVO_18_1
483,l,1997.0,4.0,1.0,4.0,21.0,27.04,44.8862880702,/Users/thompsong/Dropbox/MVO_labelled_events/l/9704-01-0421-27S.MVO_18_1
488,l,1997.0,4.0,1.0,4.0,54.0,44.04,45.8837611384,/Users/thompsong/Dropbox/MVO_labelled_events/l/9704-01-0454-44S.MVO_18_1
491,l,1997.0,4.0,1.0,5.0,21.0,13.04,45.8837611384,/Users/thompsong/Dropbox/MVO_labelled_events/l/9704-01-0521-13S.MVO_18_1
497,l,1997.0,4.0,1.0,6.0,7.0,6.04,50.8711264796,/Users/thompsong/Dropbox/MVO_labelled_events/l/9704-01-0607-06S.MVO_18_1
502,l,1997.0,4.0,1.0,6.0,59.0,30.04,46.8812342067,/Users/thompsong/Dropbox/MVO_labelled_events/l/9704-01-0659-30S.MVO_18_1
507,l,1997.0,4.0,1.0,7.0,55.0,34.04,50.8711264796,/Users/thompsong/Dropbox/MVO_labelled_events/l/9704-01-0755-34S.MVO_18_1
511,l,1997.0,4.0,1.0,8.0,58.0,41.04,46.8812342067,/Users/thompsong/Dropbox/MVO_labelled_events/l/9704-01-0858-41S.MVO_18_1
512,l,1997.0,4.0,1.0,9.0,10.0,48.04,51.8685995478,/Users/thompsong/Dropbox/MVO_labelled_events/l/9704-01-0910-48S.MVO_18_1
521,l,1997.0,4.0,1.0,10.0,18.0,4.04,52.866072616,/Users/thompsong/Dropbox/MVO_labelled_events/l/9704-01-1018-04S.MVO_18_1
525,l,1997.0,4.0,1.0,10.0,58.0,19.04,34.911557388,/Users/thompsong/Dropbox/MVO_labelled_events/l/9704-01-1058-19S.MVO_18_1
528,l,1997.0,4.0,1.0,11.0,12.0,12.04,53.8635456843,/Users/thompsong/Dropbox/MVO_labelled_events/l/9704-01-1112-12S.MVO_18_1
531,l,1997.0,4.0,1.0,11.0,32.0,5.04,49.8736534114,/Users/thompsong/Dropbox/MVO_labelled_events/l/9704-01-1132-05S.MVO_18_1
534,l,1997.0,4.0,1.0,12.0,2.0,14.04,47.8787072749,/Users/thompsong/Dropbox/MVO_labelled_events/l/9704-01-1202-14S.MVO_18_1
540,l,1997.0,4.0,1.0,13.0,46.0,30.04,53.8635456843,/Users/thompsong/Dropbox/MVO_labelled_events/l/9704-01-1346-30S.MVO_18_1
542,l,1997.0,4.0,1.0,14.0,5.0,29.04,41.8938688655,/Users/thompsong/Dropbox/MVO_labelled_events/l/9704-01-1405-29S.MVO_18_1
548,l,1997.0,4.0,1.0,14.0,46.0,29.04,44.8862880702,/Users/thompsong/Dropbox/MVO_labelled_events/l/9704-01-1446-29S.MVO_18_1
553,l,1997.0,4.0,1.0,15.0,26.0,8.04,42.8913419338,/Users/thompsong/Dropbox/MVO_labelled_events/l/9704-01-1526-08S.MVO_18_1
554,l,1997.0,4.0,1.0,15.0,42.0,32.04,41.8938688655,/Users/thompsong/Dropbox/MVO_labelled_events/l/9704-01-1542-32S.MVO_18_1
555,l,1997.0,4.0,1.0,16.0,9.0,34.04,36.9065035244,/Users/thompsong/Dropbox/MVO_labelled_events/l/9704-01-1609-34S.MVO_18_1
572,l,1997.0,4.0,1.0,18.0,39.0,12.04,42.8913419338,/Users/thompsong/Dropbox/MVO_labelled_events/l/9704-01-1839-12S.MVO_18_1
575,l,1997.0,4.0,1.0,19.0,32.0,27.04,39.8989227291,/Users/thompsong/Dropbox/MVO_labelled_events/l/9704-01-1932-27S.MVO_18_1
585,l,1997.0,4.0,1.0,22.0,39.0,5.04,37.9039765926,/Users/thompsong/Dropbox/MVO_labelled_events/l/9704-01-2239-05S.MVO_18_1
599,l,1997.0,4.0,2.0,1.0,17.0,19.04,35.9090304562,/Users/thompsong/Dropbox/MVO_labelled_events/l/9704-02-0117-19S.MVO_18_1
677,l,1997.0,4.0,2.0,17.0,56.0,27.04,35.9090304562,/Users/thompsong/Dropbox/MVO_labelled_events/l/9704-02-1756-27S.MVO_18_1
682,l,1997.0,4.0,2.0,18.0,49.0,18.04,40.8963957973,/Users/thompsong/Dropbox/MVO_labelled_events/l/9704-02-1849-18S.MVO_18_1
695,l,1997.0,4.0,2.0,21.0,28.0,29.04,55.8584918207,/Users/thompsong/Dropbox/MVO_labelled_events/l/9704-02-2128-29S.MVO_18_1
700,l,1997.0,4.0,2.0,22.0,21.0,5.04,47.8787072749,/Users/thompsong/Dropbox/MVO_labelled_events/l/9704-02-2221-05S.MVO_18_1
701,l,1997.0,4.0,2.0,22.0,32.0,10.04,33.9140843197,/Users/thompsong/Dropbox/MVO_labelled_events/l/9704-02-2232-10S.MVO_18_1
718,l,1997.0,4.0,3.0,0.0,30.0,20.04,30.921665115,/Users/thompsong/Dropbox/MVO_labelled_events/l/9704-03-0030-20S.MVO_18_1
721,l,1997.0,4.0,3.0,0.0,43.0,24.04,34.911557388,/Users/thompsong/Dropbox/MVO_labelled_events/l/9704-03-0043-24S.MVO_18_1
723,l,1997.0,4.0,3.0,1.0,26.0,41.04,43.888815002,/Users/thompsong/Dropbox/MVO_labelled_events/l/9704-03-0126-41S.MVO_18_1
733,l,1997.0,4.0,3.0,2.0,54.0,21.04,51.8685995478,/Users/thompsong/Dropbox/MVO_labelled_events/l/9704-03-0254-21S.MVO_18_1
739,l,1997.0,4.0,3.0,3.0,31.0,38.04,42.8913419338,/Users/thompsong/Dropbox/MVO_labelled_events/l/9704-03-0331-38S.MVO_18_1
743,l,1997.0,4.0,3.0,4.0,4.0,29.04,49.8736534114,/Users/thompsong/Dropbox/MVO_labelled_events/l/9704-03-0404-29S.MVO_18_1
756,l,1997.0,4.0,3.0,6.0,27.0,42.04,42.8913419338,/Users/thompsong/Dropbox/MVO_labelled_events/l/9704-03-0627-42S.MVO_18_1
893,l,1997.0,4.0,4.0,8.0,30.0,14.04,28.9267189786,/Users/thompsong/Dropbox/MVO_labelled_events/l/9704-04-0830-14S.MVO_18_1
921,l,1997.0,4.0,4.0,17.0,34.0,44.04,38.9014496609,/Users/thompsong/Dropbox/MVO_labelled_events/l/9704-04-1734-44S.MVO_18_1
968,l,1997.0,4.0,5.0,14.0,44.0,42.04,31.9191381833,/Users/thompsong/Dropbox/MVO_labelled_events/l/9704-05-1444-42S.MVO_18_1
1028,l,1997.0,4.0,7.0,18.0,39.0,0.04,37.9039765926,/Users/thompsong/Dropbox/MVO_labelled_events/l/9704-07-1839-00S.MVO_18_1
1065,l,1997.0,4.0,8.0,14.0,3.0,37.04,33.9140843197,/Users/thompsong/Dropbox/MVO_labelled_events/l/9704-08-1403-37S.MVO_18_1
1075,l,1997.0,4.0,8.0,17.0,40.0,24.04,29.9241920468,/Users/thompsong/Dropbox/MVO_labelled_events/l/9704-08-1740-24S.MVO_18_1
1110,l,1997.0,4.0,9.0,10.0,13.0,7.04,39.8989227291,/Users/thompsong/Dropbox/MVO_labelled_events/l/9704-09-1013-07S.MVO_18_1
1122,l,1997.0,4.0,9.0,15.0,49.0,17.04,38.9014496609,/Users/thompsong/Dropbox/MVO_labelled_events/l/9704-09-1549-17S.MVO_18_1
1130,l,1997.0,4.0,9.0,19.0,30.0,29.04,33.9140843197,/Users/thompsong/Dropbox/MVO_labelled_events/l/9704-09-1930-29S.MVO_18_1
1159,l,1997.0,4.0,10.0,12.0,26.0,10.04,44.8862880702,/Users/thompsong/Dropbox/MVO_labelled_events/l/9704-10-1226-10S.MVO_18_1
1161,l,1997.0,4.0,10.0,12.0,40.0,42.04,36.9065035244,/Users/thompsong/Dropbox/MVO_labelled_events/l/9704-10-1240-42S.MVO_18_1
1186,l,1997.0,4.0,11.0,1.0,23.0,3.04,29.9241920468,/Users/thompsong/Dropbox/MVO_labelled_events/l/9704-11-0123-03S.MVO_18_1
1263,l,1997.0,4.0,12.0,2.0,21.0,23.04,35.9090304562,/Users/thompsong/Dropbox/MVO_labelled_events/l/9704-12-0221-23S.MVO_18_1
1593,l,1997.0,4.0,17.0,7.0,42.0,44.04,59.8483840936,/Users/thompsong/Dropbox/MVO_labelled_events/l/9704-17-0742-44S.MVO_18_1
1618,l,1997.0,4.0,17.0,13.0,1.0,58.04,47.8787072749,/Users/thompsong/Dropbox/MVO_labelled_events/l/9704-17-1301-58S.MVO_18_1
1619,l,1997.0,4.0,17.0,13.0,26.0,15.04,55.8584918207,/Users/thompsong/Dropbox/MVO_labelled_events/l/9704-17-1326-15S.MVO_18_1
1668,l,1997.0,4.0,18.0,4.0,46.0,9.04,50.8711264796,/Users/thompsong/Dropbox/MVO_labelled_events/l/9704-18-0446-09S.MVO_18_1
1681,l,1997.0,4.0,18.0,7.0,27.0,4.04,46.8812342067,/Users/thompsong/Dropbox/MVO_labelled_events/l/9704-18-0727-04S.MVO_18_1
1708,l,1997.0,4.0,18.0,20.0,35.0,46.04,56.8559648889,/Users/thompsong/Dropbox/MVO_labelled_events/l/9704-18-2035-46S.MVO_18_1
1715,l,1997.0,4.0,18.0,23.0,46.0,16.04,52.866072616,/Users/thompsong/Dropbox/MVO_labelled_events/l/9704-18-2346-16S.MVO_18_1
1749,l,1997.0,4.0,19.0,22.0,59.0,9.04,55.8584918207,/Users/thompsong/Dropbox/MVO_labelled_events/l/9704-19-2259-09S.MVO_18_1
1770,l,1997.0,4.0,20.0,18.0,21.0,35.04,57.8534379572,/Users/thompsong/Dropbox/MVO_labelled_events/l/9704-20-1821-35S.MVO_18_1
1779,l,1997.0,4.0,20.0,22.0,13.0,51.04,58.8509110254,/Users/thompsong/Dropbox/MVO_labelled_events/l/9704-20-2213-51S.MVO_18_1
1784,l,1997.0,4.0,20.0,23.0,47.0,28.04,52.866072616,/Users/thompsong/Dropbox/MVO_labelled_events/l/9704-20-2347-28S.MVO_18_1
1971,l,1997.0,4.0,23.0,2.0,27.0,28.04,96.754887618,/Users/thompsong/Dropbox/MVO_labelled_events/l/9704-23-0227-28S.MVO_18_1
2031,l,1997.0,4.0,23.0,11.0,54.0,9.04,48.8761803431,/Users/thompsong/Dropbox/MVO_labelled_events/l/9704-23-1154-09S.MVO_18_1
2150,l,1997.0,4.0,24.0,5.0,31.0,50.04,56.8559648889,/Users/thompsong/Dropbox/MVO_labelled_events/l/9704-24-0531-50S.MVO_18_1
2190,l,1997.0,4.0,24.0,11.0,27.0,19.04,46.8812342067,/Users/thompsong/Dropbox/MVO_labelled_events/l/9704-24-1127-19S.MVO_18_1
2607,l,1997.0,4.0,28.0,19.0,42.0,17.04,56.8559648889,/Users/thompsong/Dropbox/MVO_labelled_events/l/9704-28-1942-17S.MVO_18_1
2619,l,1997.0,4.0,28.0,22.0,48.0,37.04,53.8635456843,/Users/thompsong/Dropbox/MVO_labelled_events/l/9704-28-2248-37S.MVO_18_1
2632,l,1997.0,4.0,29.0,2.0,21.0,6.04,51.8685995478,/Users/thompsong/Dropbox/MVO_labelled_events/l/9704-29-0221-06S.MVO_18_1
2660,l,1997.0,4.0,29.0,13.0,36.0,50.04,48.8761803431,/Users/thompsong/Dropbox/MVO_labelled_events/l/9704-29-1336-50S.MVO_18_1
2661,l,1997.0,4.0,29.0,13.0,47.0,20.04,46.8812342067,/Users/thompsong/Dropbox/MVO_labelled_events/l/9704-29-1347-20S.MVO_18_1
2663,l,1997.0,4.0,29.0,14.0,49.0,48.04,49.8736534114,/Users/thompsong/Dropbox/MVO_labelled_events/l/9704-29-1449-48S.MVO_18_1
3157,l,1998.0,10.0,10.0,8.0,43.0,37.04,41.8938688655,/Users/thompsong/Dropbox/MVO_labelled_events/l/9810-10-0843-37S.MVO_13_1
3275,l,1998.0,10.0,14.0,3.0,28.0,19.04,63.8382763665,/Users/thompsong/Dropbox/MVO_labelled_events/l/9810-14-0328-19S.MVO_13_1
3474,l,1998.0,10.0,23.0,18.0,28.0,29.04,39.8989227291,/Users/thompsong/Dropbox/MVO_labelled_events/l/9810-23-1828-29S.MVO_13_1
3479,l,1998.0,10.0,23.0,20.0,38.0,23.04,120.694241255,/Users/thompsong/Dropbox/MVO_labelled_events/l/9810-23-2038-23S.MVO_13_1
7504,l,2000.0,11.0,20.0,5.0,43.0,20.0,58.8509110254,/Users/thompsong/Dropbox/MVO_labelled_events/l/2000-11-20-0543-20S.MVO___019
7734,l,2000.0,11.0,22.0,14.0,45.0,31.0,58.8509110254,/Users/thompsong/Dropbox/MVO_labelled_events/l/2000-11-22-1445-31S.MVO___019
10108,l,2001.0,8.0,1.0,1.0,45.0,28.0,59.0,/Users/thompsong/Dropbox/MVO_labelled_events/l/2001-08-01-0145-28S.MVO___018
10216,l,2001.0,8.0,3.0,21.0,34.0,36.0,60.0,/Users/thompsong/Dropbox/MVO_labelled_events/l/2001-08-03-2134-36S.MVO___018
10226,l,2001.0,8.0,4.0,2.0,25.0,10.0,60.0,/Users/thompsong/Dropbox/MVO_labelled_events/l/2001-08-04-0225-10S.MVO___018
10231,l,2001.0,8.0,4.0,6.0,34.0,46.0,60.0,/Users/thompsong/Dropbox/MVO_labelled_events/l/2001-08-04-0634-46S.MVO___018
10275,l,2001.0,8.0,6.0,4.0,35.0,32.0,60.0,/Users/thompsong/Dropbox/MVO_labelled_events/l/2001-08-06-0435-32S.MVO___018
10277,l,2001.0,8.0,6.0,7.0,9.0,47.0,59.0,/Users/thompsong/Dropbox/MVO_labelled_events/l/2001-08-06-0709-47S.MVO___018
10288,l,2001.0,8.0,7.0,0.0,3.0,9.0,62.0,/Users/thompsong/Dropbox/MVO_labelled_events/l/2001-08-07-0003-09S.MVO___018
10335,l,2001.0,8.0,10.0,10.0,48.0,51.0,71.0,/Users/thompsong/Dropbox/MVO_labelled_events/l/2001-08-10-1048-51S.MVO___018
11195,l,2001.0,9.0,11.0,21.0,30.0,48.0,70.0,/Users/thompsong/Dropbox/MVO_labelled_events/l/2001-09-11-2130-48S.MVO___014
11461,l,2001.0,9.0,15.0,10.0,36.0,48.0,60.0,/Users/thompsong/Dropbox/MVO_labelled_events/l/2001-09-15-1036-48S.MVO___014
12915,l,2001.0,11.0,20.0,1.0,26.0,55.0,70.0,/Users/thompsong/Dropbox/MVO_labelled_events/l/2001-11-20-0126-55S.MVO___015
12942,l,2001.0,11.0,20.0,4.0,49.0,48.0,68.0,/Users/thompsong/Dropbox/MVO_labelled_events/l/2001-11-20-0449-48S.MVO___015
13168,l,2001.0,11.0,22.0,9.0,1.0,2.0,68.0,/Users/thompsong/Dropbox/MVO_labelled_events/l/2001-11-22-0901-02S.MVO___015
13202,l,2001.0,11.0,23.0,5.0,24.0,25.0,71.0,/Users/thompsong/Dropbox/MVO_labelled_events/l/2001-11-23-0524-25S.MVO___015
13214,l,2001.0,11.0,23.0,8.0,16.0,32.0,74.0,/Users/thompsong/Dropbox/MVO_labelled_events/l/2001-11-23-0816-32S.MVO___015
15796,l,2002.0,4.0,17.0,23.0,42.0,1.0,73.0,/Users/thompsong/Dropbox/MVO_labelled_events/l/2002-04-17-2342-01S.MVO___014
17073,l,2002.0,4.0,26.0,16.0,52.0,44.0,59.0,/Users/thompsong/Dropbox/MVO_labelled_events/l/2002-04-26-1652-44S.MVO___014
144,h,1996.0,10.0,24.0,2.0,43.0,8.04,44.8862880702,/Users/thompsong/Dropbox/MVO_labelled_events/h/9610-24-0243-08S.MVO_21_1
145,h,1996.0,10.0,24.0,4.0,41.0,1.04,48.8761803431,/Users/thompsong/Dropbox/MVO_labelled_events/h/9610-24-0441-01S.MVO_21_1
146,h,1996.0,10.0,24.0,4.0,51.0,46.04,47.8787072749,/Users/thompsong/Dropbox/MVO_labelled_events/h/9610-24-0451-46S.MVO_21_1
147,h,1996.0,10.0,24.0,4.0,54.0,54.04,51.8685995478,/Users/thompsong/Dropbox/MVO_labelled_events/h/9610-24-0454-54S.MVO_21_1
150,h,1996.0,10.0,24.0,5.0,19.0,16.04,36.9065035244,/Users/thompsong/Dropbox/MVO_labelled_events/h/9610-24-0519-16S.MVO_21_1
151,h,1996.0,10.0,24.0,5.0,48.0,11.04,55.8584918207,/Users/thompsong/Dropbox/MVO_labelled_events/h/9610-24-0548-11S.MVO_21_1
153,h,1996.0,10.0,24.0,6.0,41.0,25.04,57.8534379572,/Users/thompsong/Dropbox/MVO_labelled_events/h/9610-24-0641-25S.MVO_21_1
154,h,1996.0,10.0,24.0,7.0,8.0,5.04,37.9039765926,/Users/thompsong/Dropbox/MVO_labelled_events/h/9610-24-0708-05S.MVO_21_1
155,h,1996.0,10.0,24.0,7.0,18.0,43.04,55.8584918207,/Users/thompsong/Dropbox/MVO_labelled_events/h/9610-24-0718-43S.MVO_21_1
157,h,1996.0,10.0,24.0,11.0,0.0,25.04,39.8989227291,/Users/thompsong/Dropbox/MVO_labelled_events/h/9610-24-1100-25S.MVO_21_1
168,h,1996.0,10.0,25.0,3.0,55.0,25.04,36.9065035244,/Users/thompsong/Dropbox/MVO_labelled_events/h/9610-25-0355-25S.MVO_21_1
170,h,1996.0,10.0,25.0,4.0,8.0,49.04,46.8812342067,/Users/thompsong/Dropbox/MVO_labelled_events/h/9610-25-0408-49S.MVO_21_1
171,h,1996.0,10.0,25.0,4.0,44.0,33.04,51.8685995478,/Users/thompsong/Dropbox/MVO_labelled_events/h/9610-25-0444-33S.MVO_21_2
172,h,1996.0,10.0,25.0,4.0,44.0,51.04,57.8534379572,/Users/thompsong/Dropbox/MVO_labelled_events/h/9610-25-0444-51S.MVO_21_1
174,h,1996.0,10.0,25.0,5.0,35.0,29.04,37.9039765926,/Users/thompsong/Dropbox/MVO_labelled_events/h/9610-25-0535-29S.MVO_21_1
177,h,1996.0,10.0,25.0,6.0,15.0,5.04,53.8635456843,/Users/thompsong/Dropbox/MVO_labelled_events/h/9610-25-0615-05S.MVO_21_2
178,h,1996.0,10.0,25.0,6.0,15.0,22.04,51.8685995478,/Users/thompsong/Dropbox/MVO_labelled_events/h/9610-25-0615-22S.MVO_21_1
179,h,1996.0,10.0,25.0,6.0,16.0,55.04,28.9267189786,/Users/thompsong/Dropbox/MVO_labelled_events/h/9610-25-0616-55S.MVO_21_1
181,h,1996.0,10.0,25.0,6.0,24.0,16.04,54.8610187525,/Users/thompsong/Dropbox/MVO_labelled_events/h/9610-25-0624-16S.MVO_21_2
182,h,1996.0,10.0,25.0,6.0,24.0,34.04,58.8509110254,/Users/thompsong/Dropbox/MVO_labelled_events/h/9610-25-0624-34S.MVO_21_1
183,h,1996.0,10.0,25.0,6.0,30.0,14.04,51.8685995478,/Users/thompsong/Dropbox/MVO_labelled_events/h/9610-25-0630-14S.MVO_21_2
184,h,1996.0,10.0,25.0,6.0,30.0,32.04,54.8610187525,/Users/thompsong/Dropbox/MVO_labelled_events/h/9610-25-0630-32S.MVO_21_1
185,h,1996.0,10.0,25.0,6.0,48.0,10.04,39.8989227291,/Users/thompsong/Dropbox/MVO_labelled_events/h/9610-25-0648-10S.MVO_21_1
187,h,1996.0,10.0,25.0,7.0,20.0,25.04,53.8635456843,/Users/thompsong/Dropbox/MVO_labelled_events/h/9610-25-0720-25S.MVO_21_2
188,h,1996.0,10.0,25.0,7.0,20.0,42.04,56.8559648889,/Users/thompsong/Dropbox/MVO_labelled_events/h/9610-25-0720-42S.MVO_21_1
190,h,1996.0,10.0,25.0,7.0,45.0,27.04,46.8812342067,/Users/thompsong/Dropbox/MVO_labelled_events/h/9610-25-0745-27S.MVO_21_1
191,h,1996.0,10.0,25.0,7.0,48.0,4.04,34.911557388,/Users/thompsong/Dropbox/MVO_labelled_events/h/9610-25-0748-04S.MVO_21_1
192,h,1996.0,10.0,25.0,7.0,51.0,38.04,52.866072616,/Users/thompsong/Dropbox/MVO_labelled_events/h/9610-25-0751-38S.MVO_21_1
195,h,1996.0,10.0,25.0,8.0,32.0,24.04,57.8534379572,/Users/thompsong/Dropbox/MVO_labelled_events/h/9610-25-0832-24S.MVO_21_1
196,h,1996.0,10.0,25.0,8.0,33.0,14.04,50.8711264796,/Users/thompsong/Dropbox/MVO_labelled_events/h/9610-25-0833-14S.MVO_21_1
197,h,1996.0,10.0,25.0,8.0,51.0,1.04,42.8913419338,/Users/thompsong/Dropbox/MVO_labelled_events/h/9610-25-0851-01S.MVO_21_1
203,h,1996.0,10.0,25.0,10.0,5.0,23.04,52.866072616,/Users/thompsong/Dropbox/MVO_labelled_events/h/9610-25-1005-23S.MVO_21_2
204,h,1996.0,10.0,25.0,10.0,5.0,41.04,55.8584918207,/Users/thompsong/Dropbox/MVO_labelled_events/h/9610-25-1005-41S.MVO_21_1
206,h,1996.0,10.0,25.0,10.0,44.0,33.04,54.8610187525,/Users/thompsong/Dropbox/MVO_labelled_events/h/9610-25-1044-33S.MVO_21_2
207,h,1996.0,10.0,25.0,10.0,44.0,51.04,56.8559648889,/Users/thompsong/Dropbox/MVO_labelled_events/h/9610-25-1044-51S.MVO_21_1
225,h,1996.0,10.0,26.0,7.0,31.0,32.04,40.8963957973,/Users/thompsong/Dropbox/MVO_labelled_events/h/9610-26-0731-32S.MVO_21_1
226,h,1996.0,10.0,26.0,8.0,19.0,55.04,52.866072616,/Users/thompsong/Dropbox/MVO_labelled_events/h/9610-26-0819-55S.MVO_21_1
227,h,1996.0,10.0,26.0,8.0,25.0,6.04,33.9140843197,/Users/thompsong/Dropbox/MVO_labelled_events/h/9610-26-0825-06S.MVO_21_1
228,h,1996.0,10.0,26.0,8.0,35.0,57.04,58.8509110254,/Users/thompsong/Dropbox/MVO_labelled_events/h/9610-26-0835-57S.MVO_21_2
229,h,1996.0,10.0,26.0,8.0,49.0,3.04,51.8685995478,/Users/thompsong/Dropbox/MVO_labelled_events/h/9610-26-0849-03S.MVO_21_1
231,h,1996.0,10.0,26.0,9.0,13.0,26.04,52.866072616,/Users/thompsong/Dropbox/MVO_labelled_events/h/9610-26-0913-26S.MVO_21_2
247,h,1996.0,10.0,26.0,11.0,50.0,30.04,55.8584918207,/Users/thompsong/Dropbox/MVO_labelled_events/h/9610-26-1150-30S.MVO_21_2
252,h,1996.0,10.0,26.0,12.0,40.0,43.04,58.8509110254,/Users/thompsong/Dropbox/MVO_labelled_events/h/9610-26-1240-43S.MVO_21_2
253,h,1996.0,10.0,26.0,12.0,41.0,1.04,58.8509110254,/Users/thompsong/Dropbox/MVO_labelled_events/h/9610-26-1241-01S.MVO_21_1
261,h,1996.0,10.0,26.0,13.0,29.0,24.04,29.9241920468,/Users/thompsong/Dropbox/MVO_labelled_events/h/9610-26-1329-24S.MVO_21_1
282,h,1996.0,10.0,26.0,16.0,54.0,26.04,55.8584918207,/Users/thompsong/Dropbox/MVO_labelled_events/h/9610-26-1654-26S.MVO_21_1
292,h,1996.0,10.0,26.0,19.0,6.0,15.04,28.9267189786,/Users/thompsong/Dropbox/MVO_labelled_events/h/9610-26-1906-15S.MVO_21_1
295,h,1996.0,10.0,26.0,20.0,4.0,18.04,55.8584918207,/Users/thompsong/Dropbox/MVO_labelled_events/h/9610-26-2004-18S.MVO_21_1
296,h,1996.0,10.0,26.0,20.0,22.0,27.04,57.8534379572,/Users/thompsong/Dropbox/MVO_labelled_events/h/9610-26-2022-27S.MVO_21_2
333,h,1996.0,10.0,27.0,22.0,59.0,20.04,59.8483840936,/Users/thompsong/Dropbox/MVO_labelled_events/h/9610-27-2259-20S.MVO_21_2
419,h,1996.0,10.0,30.0,22.0,17.0,51.04,56.8559648889,/Users/thompsong/Dropbox/MVO_labelled_events/h/9610-30-2217-51S.MVO_21_2
425,h,1996.0,10.0,30.0,23.0,34.0,10.04,53.8635456843,/Users/thompsong/Dropbox/MVO_labelled_events/h/9610-30-2334-10S.MVO_21_1
427,h,1996.0,10.0,30.0,23.0,37.0,40.04,35.9090304562,/Users/thompsong/Dropbox/MVO_labelled_events/h/9610-30-2337-40S.MVO_21_1
431,h,1996.0,10.0,30.0,23.0,58.0,3.04,31.9191381833,/Users/thompsong/Dropbox/MVO_labelled_events/h/9610-30-2358-03S.MVO_21_1
435,h,1996.0,10.0,31.0,0.0,41.0,49.04,49.8736534114,/Users/thompsong/Dropbox/MVO_labelled_events/h/9610-31-0041-49S.MVO_21_1
439,h,1996.0,10.0,31.0,2.0,2.0,26.04,55.8584918207,/Users/thompsong/Dropbox/MVO_labelled_events/h/9610-31-0202-26S.MVO_21_1
444,h,1996.0,10.0,31.0,5.0,58.0,52.04,55.8584918207,/Users/thompsong/Dropbox/MVO_labelled_events/h/9610-31-0558-52S.MVO_21_2
490,h,1997.0,4.0,1.0,5.0,20.0,41.04,38.9014496609,/Users/thompsong/Dropbox/MVO_labelled_events/h/9704-01-0520-41S.MVO_18_1
500,h,1997.0,4.0,1.0,6.0,40.0,0.04,50.8711264796,/Users/thompsong/Dropbox/MVO_labelled_events/h/9704-01-0640-00S.MVO_18_1
570,h,1997.0,4.0,1.0,17.0,53.0,44.04,41.8938688655,/Users/thompsong/Dropbox/MVO_labelled_events/h/9704-01-1753-44S.MVO_18_1
803,h,1997.0,4.0,4.0,0.0,28.0,44.04,26.9317728421,/Users/thompsong/Dropbox/MVO_labelled_events/h/9704-04-0028-44S.MVO_18_1
817,h,1997.0,4.0,4.0,1.0,25.0,36.04,54.8610187525,/Users/thompsong/Dropbox/MVO_labelled_events/h/9704-04-0125-36S.MVO_18_1
819,h,1997.0,4.0,4.0,1.0,30.0,3.04,45.8837611384,/Users/thompsong/Dropbox/MVO_labelled_events/h/9704-04-0130-03S.MVO_18_1
821,h,1997.0,4.0,4.0,1.0,35.0,5.04,57.8534379572,/Users/thompsong/Dropbox/MVO_labelled_events/h/9704-04-0135-05S.MVO_18_1
830,h,1997.0,4.0,4.0,1.0,53.0,31.04,48.8761803431,/Users/thompsong/Dropbox/MVO_labelled_events/h/9704-04-0153-31S.MVO_18_1
873,h,1997.0,4.0,4.0,4.0,32.0,54.04,52.866072616,/Users/thompsong/Dropbox/MVO_labelled_events/h/9704-04-0432-54S.MVO_18_1
891,h,1997.0,4.0,4.0,8.0,3.0,20.04,49.8736534114,/Users/thompsong/Dropbox/MVO_labelled_events/h/9704-04-0803-20S.MVO_18_1
975,h,1997.0,4.0,5.0,18.0,1.0,50.04,54.8610187525,/Users/thompsong/Dropbox/MVO_labelled_events/h/9704-05-1801-50S.MVO_18_1
1069,h,1997.0,4.0,8.0,15.0,28.0,49.04,58.8509110254,/Users/thompsong/Dropbox/MVO_labelled_events/h/9704-08-1528-49S.MVO_18_1
1295,h,1997.0,4.0,12.0,9.0,5.0,6.04,59.8483840936,/Users/thompsong/Dropbox/MVO_labelled_events/h/9704-12-0905-06S.MVO_18_1
1365,h,1997.0,4.0,13.0,11.0,52.0,39.04,58.8509110254,/Users/thompsong/Dropbox/MVO_labelled_events/h/9704-13-1152-39S.MVO_18_1
1427,h,1997.0,4.0,15.0,5.0,31.0,37.04,49.8736534114,/Users/thompsong/Dropbox/MVO_labelled_events/h/9704-15-0531-37S.MVO_18_1
1439,h,1997.0,4.0,15.0,6.0,58.0,30.04,55.8584918207,/Users/thompsong/Dropbox/MVO_labelled_events/h/9704-15-0658-30S.MVO_18_1
1441,h,1997.0,4.0,15.0,7.0,7.0,11.04,76.8054262535,/Users/thompsong/Dropbox/MVO_labelled_events/h/9704-15-0707-11S.MVO_18_1
1453,h,1997.0,4.0,15.0,7.0,57.0,59.04,60.8458571619,/Users/thompsong/Dropbox/MVO_labelled_events/h/9704-15-0757-59S.MVO_18_1
1454,h,1997.0,4.0,15.0,8.0,8.0,31.04,52.866072616,/Users/thompsong/Dropbox/MVO_labelled_events/h/9704-15-0808-31S.MVO_18_1
1462,h,1997.0,4.0,15.0,8.0,42.0,25.04,120.694241255,/Users/thompsong/Dropbox/MVO_labelled_events/h/9704-15-0842-25S.MVO_18_1
1463,h,1997.0,4.0,15.0,8.0,45.0,32.04,56.8559648889,/Users/thompsong/Dropbox/MVO_labelled_events/h/9704-15-0845-32S.MVO_18_1
1478,h,1997.0,4.0,15.0,10.0,17.0,5.04,41.8938688655,/Users/thompsong/Dropbox/MVO_labelled_events/h/9704-15-1017-05S.MVO_18_1
1487,h,1997.0,4.0,15.0,11.0,0.0,51.04,71.8180609124,/Users/thompsong/Dropbox/MVO_labelled_events/h/9704-15-1100-51S.MVO_18_1
1546,h,1997.0,4.0,16.0,9.0,29.0,41.04,45.8837611384,/Users/thompsong/Dropbox/MVO_labelled_events/h/9704-16-0929-41S.MVO_18_1
1550,h,1997.0,4.0,16.0,10.0,7.0,47.04,75.8079531853,/Users/thompsong/Dropbox/MVO_labelled_events/h/9704-16-1007-47S.MVO_18_1
1551,h,1997.0,4.0,16.0,10.0,15.0,10.04,52.866072616,/Users/thompsong/Dropbox/MVO_labelled_events/h/9704-16-1015-10S.MVO_18_1
1653,h,1997.0,4.0,18.0,0.0,59.0,2.04,120.694241255,/Users/thompsong/Dropbox/MVO_labelled_events/h/9704-18-0059-02S.MVO_18_1
1705,h,1997.0,4.0,18.0,20.0,7.0,34.04,73.8130070488,/Users/thompsong/Dropbox/MVO_labelled_events/h/9704-18-2007-34S.MVO_18_1
2571,h,1997.0,4.0,28.0,11.0,9.0,36.04,30.921665115,/Users/thompsong/Dropbox/MVO_labelled_events/h/9704-28-1109-36S.MVO_18_1
2764,h,1998.0,4.0,2.0,1.0,17.0,50.04,56.8559648889,/Users/thompsong/Dropbox/MVO_labelled_events/h/9804-02-0117-50S.MVO_18_1
2765,h,1998.0,4.0,2.0,3.0,5.0,31.04,51.8685995478,/Users/thompsong/Dropbox/MVO_labelled_events/h/9804-02-0305-31S.MVO_18_1
2824,h,1998.0,4.0,5.0,2.0,55.0,28.04,46.8812342067,/Users/thompsong/Dropbox/MVO_labelled_events/h/9804-05-0255-28S.MVO_18_1
2832,h,1998.0,4.0,5.0,13.0,43.0,52.04,54.8610187525,/Users/thompsong/Dropbox/MVO_labelled_events/h/9804-05-1343-52S.MVO_18_1
2865,h,1998.0,4.0,7.0,6.0,6.0,44.04,69.8231147759,/Users/thompsong/Dropbox/MVO_labelled_events/h/9804-07-0606-44S.MVO_18_1
2872,h,1998.0,4.0,8.0,2.0,13.0,46.04,49.8736534114,/Users/thompsong/Dropbox/MVO_labelled_events/h/9804-08-0213-46S.MVO_18_1
2909,h,1998.0,4.0,9.0,19.0,58.0,9.04,72.8155339806,/Users/thompsong/Dropbox/MVO_labelled_events/h/9804-09-1958-09S.MVO_18_1
2979,h,1998.0,4.0,13.0,22.0,24.0,28.04,48.8761803431,/Users/thompsong/Dropbox/MVO_labelled_events/h/9804-13-2224-28S.MVO_18_1
2985,h,1998.0,4.0,16.0,2.0,56.0,42.04,43.888815002,/Users/thompsong/Dropbox/MVO_labelled_events/h/9804-16-0256-42S.MVO_13_1
3031,h,1998.0,4.0,21.0,18.0,47.0,54.04,41.8938688655,/Users/thompsong/Dropbox/MVO_labelled_events/h/9804-21-1847-54S.MVO_13_1
3301,h,1998.0,10.0,16.0,18.0,31.0,55.04,50.8711264796,/Users/thompsong/Dropbox/MVO_labelled_events/h/9810-16-1831-55S.MVO_13_1
3351,h,1998.0,10.0,18.0,15.0,0.0,36.04,54.8610187525,/Users/thompsong/Dropbox/MVO_labelled_events/h/9810-18-1500-36S.MVO_13_1
3410,h,1998.0,10.0,20.0,21.0,56.0,31.04,120.694241255,/Users/thompsong/Dropbox/MVO_labelled_events/h/9810-20-2156-31S.MVO_13_1
3824,h,1999.0,12.0,8.0,2.0,26.0,29.04,57.8534379572,/Users/thompsong/Dropbox/MVO_labelled_events/h/9912-08-0226-29S.MVO_19_1
3891,h,1999.0,12.0,11.0,14.0,3.0,52.04,49.8736534114,/Users/thompsong/Dropbox/MVO_labelled_events/h/9912-11-1403-52S.MVO_19_1
4019,h,1999.0,12.0,17.0,15.0,43.0,41.04,81.7927915946,/Users/thompsong/Dropbox/MVO_labelled_events/h/9912-17-1543-41S.MVO_19_1
5880,h,2000.0,2.0,28.0,8.0,34.0,56.04,52.866072616,/Users/thompsong/Dropbox/MVO_labelled_events/h/2000-02-28-0834-56S.MVO___019
6406,h,2000.0,3.0,6.0,19.0,48.0,35.04,89.7725761404,/Users/thompsong/Dropbox/MVO_labelled_events/h/2000-03-06-1948-35S.MVO___019
7450,h,2000.0,3.0,28.0,23.0,0.0,29.0,58.8509110254,/Users/thompsong/Dropbox/MVO_labelled_events/h/2000-03-28-2300-29S.MVO___019
8685,h,2001.0,3.0,1.0,21.0,0.0,19.0,34.911557388,/Users/thompsong/Dropbox/MVO_labelled_events/h/2001-03-01-2100-19S.MVO___019
10119,h,2001.0,8.0,1.0,19.0,4.0,56.0,57.0,/Users/thompsong/Dropbox/MVO_labelled_events/h/2001-08-01-1904-56S.MVO___018
142,t,1996.0,10.0,24.0,2.0,27.0,45.04,36.9065035244,/Users/thompsong/Dropbox/MVO_labelled_events/t/9610-24-0227-45S.MVO_21_1
161,t,1996.0,10.0,24.0,18.0,59.0,19.04,22.9418805692,/Users/thompsong/Dropbox/MVO_labelled_events/t/9610-24-1859-19S.MVO_21_1
173,t,1996.0,10.0,25.0,5.0,29.0,52.04,28.9267189786,/Users/thompsong/Dropbox/MVO_labelled_events/t/9610-25-0529-52S.MVO_21_1
175,t,1996.0,10.0,25.0,5.0,45.0,18.04,29.9241920468,/Users/thompsong/Dropbox/MVO_labelled_events/t/9610-25-0545-18S.MVO_21_1
265,t,1996.0,10.0,26.0,14.0,26.0,43.04,59.8483840936,/Users/thompsong/Dropbox/MVO_labelled_events/t/9610-26-1426-43S.MVO_21_2
373,t,1996.0,10.0,29.0,13.0,27.0,25.04,26.9317728421,/Users/thompsong/Dropbox/MVO_labelled_events/t/9610-29-1327-25S.MVO_21_1
389,t,1996.0,10.0,30.0,2.0,39.0,56.04,22.9418805692,/Users/thompsong/Dropbox/MVO_labelled_events/t/9610-30-0239-56S.MVO_21_1
428,t,1996.0,10.0,30.0,23.0,38.0,6.04,33.9140843197,/Users/thompsong/Dropbox/MVO_labelled_events/t/9610-30-2338-06S.MVO_21_1
454,t,1996.0,10.0,31.0,20.0,29.0,24.04,28.9267189786,/Users/thompsong/Dropbox/MVO_labelled_events/t/9610-31-2029-24S.MVO_21_1
482,t,1997.0,4.0,1.0,4.0,12.0,32.04,52.866072616,/Users/thompsong/Dropbox/MVO_labelled_events/t/9704-01-0412-32S.MVO_18_1
655,t,1997.0,4.0,2.0,14.0,33.0,40.04,52.866072616,/Users/thompsong/Dropbox/MVO_labelled_events/t/9704-02-1433-40S.MVO_18_1
706,t,1997.0,4.0,2.0,23.0,7.0,0.04,49.8736534114,/Users/thompsong/Dropbox/MVO_labelled_events/t/9704-02-2307-00S.MVO_18_1
707,t,1997.0,4.0,2.0,23.0,8.0,37.04,42.8913419338,/Users/thompsong/Dropbox/MVO_labelled_events/t/9704-02-2308-37S.MVO_18_1
708,t,1997.0,4.0,2.0,23.0,35.0,13.04,35.9090304562,/Users/thompsong/Dropbox/MVO_labelled_events/t/9704-02-2335-13S.MVO_18_1
750,t,1997.0,4.0,3.0,5.0,8.0,48.04,36.9065035244,/Users/thompsong/Dropbox/MVO_labelled_events/t/9704-03-0508-48S.MVO_18_1
773,t,1997.0,4.0,3.0,14.0,29.0,12.04,29.9241920468,/Users/thompsong/Dropbox/MVO_labelled_events/t/9704-03-1429-12S.MVO_18_1
778,t,1997.0,4.0,3.0,19.0,34.0,25.04,31.9191381833,/Users/thompsong/Dropbox/MVO_labelled_events/t/9704-03-1934-25S.MVO_18_1
779,t,1997.0,4.0,3.0,19.0,36.0,30.04,25.9342997739,/Users/thompsong/Dropbox/MVO_labelled_events/t/9704-03-1936-30S.MVO_18_1
780,t,1997.0,4.0,3.0,19.0,47.0,17.04,36.9065035244,/Users/thompsong/Dropbox/MVO_labelled_events/t/9704-03-1947-17S.MVO_18_1
782,t,1997.0,4.0,3.0,21.0,10.0,25.04,30.921665115,/Users/thompsong/Dropbox/MVO_labelled_events/t/9704-03-2110-25S.MVO_18_1
785,t,1997.0,4.0,3.0,21.0,14.0,32.04,27.9292459104,/Users/thompsong/Dropbox/MVO_labelled_events/t/9704-03-2114-32S.MVO_18_1
786,t,1997.0,4.0,3.0,21.0,28.0,15.04,38.9014496609,/Users/thompsong/Dropbox/MVO_labelled_events/t/9704-03-2128-15S.MVO_18_1
787,t,1997.0,4.0,3.0,21.0,29.0,20.04,40.8963957973,/Users/thompsong/Dropbox/MVO_labelled_events/t/9704-03-2129-20S.MVO_18_1
788,t,1997.0,4.0,3.0,21.0,30.0,36.04,28.9267189786,/Users/thompsong/Dropbox/MVO_labelled_events/t/9704-03-2130-36S.MVO_18_1
789,t,1997.0,4.0,3.0,21.0,32.0,22.04,41.8938688655,/Users/thompsong/Dropbox/MVO_labelled_events/t/9704-03-2132-22S.MVO_18_1
790,t,1997.0,4.0,3.0,21.0,44.0,57.04,26.9317728421,/Users/thompsong/Dropbox/MVO_labelled_events/t/9704-03-2144-57S.MVO_18_1
791,t,1997.0,4.0,3.0,22.0,10.0,11.04,33.9140843197,/Users/thompsong/Dropbox/MVO_labelled_events/t/9704-03-2210-11S.MVO_18_1
801,t,1997.0,4.0,4.0,0.0,18.0,14.04,36.9065035244,/Users/thompsong/Dropbox/MVO_labelled_events/t/9704-04-0018-14S.MVO_18_1
813,t,1997.0,4.0,4.0,1.0,4.0,52.04,30.921665115,/Users/thompsong/Dropbox/MVO_labelled_events/t/9704-04-0104-52S.MVO_18_1
904,t,1997.0,4.0,4.0,11.0,23.0,30.04,25.9342997739,/Users/thompsong/Dropbox/MVO_labelled_events/t/9704-04-1123-30S.MVO_18_1
929,t,1997.0,4.0,4.0,20.0,51.0,40.04,21.944407501,/Users/thompsong/Dropbox/MVO_labelled_events/t/9704-04-2051-40S.MVO_18_1
934,t,1997.0,4.0,5.0,1.0,32.0,58.04,32.9166112515,/Users/thompsong/Dropbox/MVO_labelled_events/t/9704-05-0132-58S.MVO_18_1
938,t,1997.0,4.0,5.0,2.0,45.0,34.04,47.8787072749,/Users/thompsong/Dropbox/MVO_labelled_events/t/9704-05-0245-34S.MVO_18_1
939,t,1997.0,4.0,5.0,3.0,2.0,25.04,24.9368267057,/Users/thompsong/Dropbox/MVO_labelled_events/t/9704-05-0302-25S.MVO_18_1
943,t,1997.0,4.0,5.0,4.0,14.0,30.04,30.921665115,/Users/thompsong/Dropbox/MVO_labelled_events/t/9704-05-0414-30S.MVO_18_1
948,t,1997.0,4.0,5.0,5.0,52.0,0.04,30.921665115,/Users/thompsong/Dropbox/MVO_labelled_events/t/9704-05-0552-00S.MVO_18_1
995,t,1997.0,4.0,7.0,5.0,25.0,30.04,48.8761803431,/Users/thompsong/Dropbox/MVO_labelled_events/t/9704-07-0525-30S.MVO_18_1
1140,t,1997.0,4.0,10.0,1.0,25.0,27.04,120.694241255,/Users/thompsong/Dropbox/MVO_labelled_events/t/9704-10-0125-27S.MVO_18_1
1178,t,1997.0,4.0,10.0,19.0,35.0,37.04,56.8559648889,/Users/thompsong/Dropbox/MVO_labelled_events/t/9704-10-1935-37S.MVO_18_1
1318,t,1997.0,4.0,12.0,12.0,17.0,1.04,40.8963957973,/Users/thompsong/Dropbox/MVO_labelled_events/t/9704-12-1217-01S.MVO_18_1
1586,t,1997.0,4.0,17.0,2.0,35.0,21.04,29.9241920468,/Users/thompsong/Dropbox/MVO_labelled_events/t/9704-17-0235-21S.MVO_18_1
2761,t,1998.0,4.0,1.0,2.0,32.0,34.04,22.9418805692,/Users/thompsong/Dropbox/MVO_labelled_events/t/9804-01-0232-34S.MVO_18_1
2762,t,1998.0,4.0,1.0,9.0,51.0,19.04,51.8685995478,/Users/thompsong/Dropbox/MVO_labelled_events/t/9804-01-0951-19S.MVO_18_1
2767,t,1998.0,4.0,2.0,8.0,8.0,15.04,48.8761803431,/Users/thompsong/Dropbox/MVO_labelled_events/t/9804-02-0808-15S.MVO_18_1
2795,t,1998.0,4.0,3.0,17.0,54.0,24.04,45.8837611384,/Users/thompsong/Dropbox/MVO_labelled_events/t/9804-03-1754-24S.MVO_18_1
2803,t,1998.0,4.0,3.0,19.0,51.0,42.04,33.9140843197,/Users/thompsong/Dropbox/MVO_labelled_events/t/9804-03-1951-42S.MVO_18_1
2810,t,1998.0,4.0,4.0,9.0,40.0,55.04,22.9418805692,/Users/thompsong/Dropbox/MVO_labelled_events/t/9804-04-0940-55S.MVO_18_1
2816,t,1998.0,4.0,4.0,14.0,17.0,38.04,35.9090304562,/Users/thompsong/Dropbox/MVO_labelled_events/t/9804-04-1417-38S.MVO_18_1
2823,t,1998.0,4.0,5.0,0.0,55.0,15.04,37.9039765926,/Users/thompsong/Dropbox/MVO_labelled_events/t/9804-05-0055-15S.MVO_18_1
2827,t,1998.0,4.0,5.0,9.0,52.0,29.04,23.9393536375,/Users/thompsong/Dropbox/MVO_labelled_events/t/9804-05-0952-29S.MVO_18_1
2828,t,1998.0,4.0,5.0,10.0,10.0,58.04,19.9494613645,/Users/thompsong/Dropbox/MVO_labelled_events/t/9804-05-1010-58S.MVO_18_1
2831,t,1998.0,4.0,5.0,12.0,57.0,26.04,38.9014496609,/Users/thompsong/Dropbox/MVO_labelled_events/t/9804-05-1257-26S.MVO_18_1
2835,t,1998.0,4.0,5.0,14.0,12.0,25.04,40.8963957973,/Users/thompsong/Dropbox/MVO_labelled_events/t/9804-05-1412-25S.MVO_18_1
2845,t,1998.0,4.0,6.0,3.0,36.0,9.04,32.9166112515,/Users/thompsong/Dropbox/MVO_labelled_events/t/9804-06-0336-09S.MVO_18_1
2846,t,1998.0,4.0,6.0,3.0,57.0,27.04,19.9494613645,/Users/thompsong/Dropbox/MVO_labelled_events/t/9804-06-0357-27S.MVO_18_1
2848,t,1998.0,4.0,6.0,9.0,20.0,53.04,23.9393536375,/Users/thompsong/Dropbox/MVO_labelled_events/t/9804-06-0920-53S.MVO_18_1
2851,t,1998.0,4.0,6.0,16.0,38.0,23.04,32.9166112515,/Users/thompsong/Dropbox/MVO_labelled_events/t/9804-06-1638-23S.MVO_18_1
2864,t,1998.0,4.0,7.0,5.0,40.0,24.04,20.9469344328,/Users/thompsong/Dropbox/MVO_labelled_events/t/9804-07-0540-24S.MVO_18_1
2866,t,1998.0,4.0,7.0,6.0,22.0,43.04,27.9292459104,/Users/thompsong/Dropbox/MVO_labelled_events/t/9804-07-0622-43S.MVO_18_1
2870,t,1998.0,4.0,7.0,16.0,51.0,59.04,36.9065035244,/Users/thompsong/Dropbox/MVO_labelled_events/t/9804-07-1651-59S.MVO_18_1
2876,t,1998.0,4.0,8.0,12.0,52.0,12.04,20.9469344328,/Users/thompsong/Dropbox/MVO_labelled_events/t/9804-08-1252-12S.MVO_18_1
2877,t,1998.0,4.0,8.0,13.0,16.0,0.04,29.9241920468,/Users/thompsong/Dropbox/MVO_labelled_events/t/9804-08-1316-00S.MVO_18_1
2885,t,1998.0,4.0,9.0,2.0,22.0,40.04,56.8559648889,/Users/thompsong/Dropbox/MVO_labelled_events/t/9804-09-0222-40S.MVO_18_1
2967,t,1998.0,4.0,13.0,8.0,31.0,33.04,47.8787072749,/Users/thompsong/Dropbox/MVO_labelled_events/t/9804-13-0831-33S.MVO_18_1
2969,t,1998.0,4.0,13.0,11.0,31.0,17.04,48.8761803431,/Users/thompsong/Dropbox/MVO_labelled_events/t/9804-13-1131-17S.MVO_18_1
2971,t,1998.0,4.0,13.0,12.0,30.0,7.04,44.8862880702,/Users/thompsong/Dropbox/MVO_labelled_events/t/9804-13-1230-07S.MVO_18_1
2983,t,1998.0,4.0,15.0,13.0,49.0,48.04,47.8787072749,/Users/thompsong/Dropbox/MVO_labelled_events/t/9804-15-1349-48S.MVO_13_1
2986,t,1998.0,4.0,16.0,21.0,40.0,21.04,43.888815002,/Users/thompsong/Dropbox/MVO_labelled_events/t/9804-16-2140-21S.MVO_13_1
2988,t,1998.0,4.0,16.0,23.0,51.0,28.04,50.8711264796,/Users/thompsong/Dropbox/MVO_labelled_events/t/9804-16-2351-28S.MVO_13_1
2998,t,1998.0,4.0,19.0,20.0,13.0,2.04,41.8938688655,/Users/thompsong/Dropbox/MVO_labelled_events/t/9804-19-2013-02S.MVO_13_1
3004,t,1998.0,4.0,20.0,6.0,9.0,32.04,48.8761803431,/Users/thompsong/Dropbox/MVO_labelled_events/t/9804-20-0609-32S.MVO_13_1
3009,t,1998.0,4.0,20.0,10.0,54.0,39.04,43.888815002,/Users/thompsong/Dropbox/MVO_labelled_events/t/9804-20-1054-39S.MVO_13_1
3029,t,1998.0,4.0,21.0,17.0,18.0,7.04,56.8559648889,/Users/thompsong/Dropbox/MVO_labelled_events/t/9804-21-1718-07S.MVO_13_1
3032,t,1998.0,4.0,21.0,19.0,39.0,1.04,35.9090304562,/Users/thompsong/Dropbox/MVO_labelled_events/t/9804-21-1939-01S.MVO_13_1
3049,t,1998.0,4.0,25.0,13.0,4.0,30.04,43.888815002,/Users/thompsong/Dropbox/MVO_labelled_events/t/9804-25-1304-30S.MVO_13_1
3071,t,1998.0,4.0,27.0,4.0,6.0,58.04,45.8837611384,/Users/thompsong/Dropbox/MVO_labelled_events/t/9804-27-0406-58S.MVO_13_1
3075,t,1998.0,4.0,27.0,19.0,24.0,50.04,39.8989227291,/Users/thompsong/Dropbox/MVO_labelled_events/t/9804-27-1924-50S.MVO_13_1
3078,t,1998.0,4.0,28.0,5.0,44.0,5.04,41.8938688655,/Users/thompsong/Dropbox/MVO_labelled_events/t/9804-28-0544-05S.MVO_13_1
3079,t,1998.0,4.0,28.0,7.0,57.0,44.04,48.8761803431,/Users/thompsong/Dropbox/MVO_labelled_events/t/9804-28-0757-44S.MVO_13_1
3089,t,1998.0,4.0,29.0,4.0,55.0,40.04,47.8787072749,/Users/thompsong/Dropbox/MVO_labelled_events/t/9804-29-0455-40S.MVO_13_1
3162,t,1998.0,10.0,10.0,12.0,20.0,32.04,37.9039765926,/Users/thompsong/Dropbox/MVO_labelled_events/t/9810-10-1220-32S.MVO_13_1
3268,t,1998.0,10.0,13.0,15.0,18.0,32.04,42.8913419338,/Users/thompsong/Dropbox/MVO_labelled_events/t/9810-13-1518-32S.MVO_13_1
3292,t,1998.0,10.0,15.0,14.0,2.0,46.04,46.8812342067,/Users/thompsong/Dropbox/MVO_labelled_events/t/9810-15-1402-46S.MVO_13_1
3330,t,1998.0,10.0,18.0,13.0,35.0,36.04,46.8812342067,/Users/thompsong/Dropbox/MVO_labelled_events/t/9810-18-1335-36S.MVO_13_1
3356,t,1998.0,10.0,18.0,15.0,14.0,56.04,45.8837611384,/Users/thompsong/Dropbox/MVO_labelled_events/t/9810-18-1514-56S.MVO_13_1
3373,t,1998.0,10.0,18.0,18.0,1.0,49.04,47.8787072749,/Users/thompsong/Dropbox/MVO_labelled_events/t/9810-18-1801-49S.MVO_13_1
3412,t,1998.0,10.0,20.0,23.0,39.0,52.04,41.8938688655,/Users/thompsong/Dropbox/MVO_labelled_events/t/9810-20-2339-52S.MVO_13_1
3467,t,1998.0,10.0,23.0,15.0,39.0,49.04,40.8963957973,/Users/thompsong/Dropbox/MVO_labelled_events/t/9810-23-1539-49S.MVO_13_1
3512,t,1998.0,10.0,24.0,23.0,37.0,4.04,54.8610187525,/Users/thompsong/Dropbox/MVO_labelled_events/t/9810-24-2337-04S.MVO_13_1
3682,t,1998.0,10.0,29.0,11.0,30.0,13.04,36.9065035244,/Users/thompsong/Dropbox/MVO_labelled_events/t/9810-29-1130-13S.MVO_13_1
3730,t,1998.0,10.0,30.0,23.0,27.0,16.04,39.8989227291,/Users/thompsong/Dropbox/MVO_labelled_events/t/9810-30-2327-16S.MVO_13_1
3751,t,1998.0,10.0,31.0,13.0,28.0,35.04,50.8711264796,/Users/thompsong/Dropbox/MVO_labelled_events/t/9810-31-1328-35S.MVO_13_1
3761,t,1998.0,10.0,31.0,17.0,52.0,39.04,45.8837611384,/Users/thompsong/Dropbox/MVO_labelled_events/t/9810-31-1752-39S.MVO_13_1
3917,t,1999.0,12.0,12.0,12.0,16.0,28.04,48.8761803431,/Users/thompsong/Dropbox/MVO_labelled_events/t/9912-12-1216-28S.MVO_19_1
4822,t,2000.0,2.0,7.0,16.0,17.0,22.04,39.8989227291,/Users/thompsong/Dropbox/MVO_labelled_events/t/2000-02-07-1617-22S.MVO___019
5237,t,2000.0,2.0,13.0,21.0,38.0,36.04,54.8610187525,/Users/thompsong/Dropbox/MVO_labelled_events/t/2000-02-13-2138-36S.MVO___019
6511,t,2000.0,3.0,7.0,19.0,47.0,18.04,39.8989227291,/Users/thompsong/Dropbox/MVO_labelled_events/t/2000-03-07-1947-18S.MVO___019
6706,t,2000.0,3.0,10.0,1.0,22.0,16.04,40.8963957973,/Users/thompsong/Dropbox/MVO_labelled_events/t/2000-03-10-0122-16S.MVO___019
6716,t,2000.0,3.0,10.0,7.0,15.0,20.04,44.8862880702,/Users/thompsong/Dropbox/MVO_labelled_events/t/2000-03-10-0715-20S.MVO___019
7232,t,2000.0,3.0,21.0,18.0,15.0,55.0,19.9494613645,/Users/thompsong/Dropbox/MVO_labelled_events/t/2000-03-21-1815-55S.MVO___019
7449,t,2000.0,3.0,28.0,19.0,45.0,38.0,40.8963957973,/Users/thompsong/Dropbox/MVO_labelled_events/t/2000-03-28-1945-38S.MVO___019
8691,t,2001.0,3.0,1.0,21.0,37.0,46.0,51.8685995478,/Users/thompsong/Dropbox/MVO_labelled_events/t/2001-03-01-2137-46S.MVO___019
