yyyyjjj, 91F8, 92B7, 9338, 9406, 98E6, 9BC5, 9D7C, AB13,
2018172,    0,    0,    0,    1,    1,    0,    0,    0,
2018173,    1,    0,    0,    1,    1,    0,    0,    0,
2018174,    0,    0,    0,    0,    0,    0,    0,    0,
2018175,    0,    0,    0,    0,    0,    0,    0,    0,
2018176,    0,    0,    0,    0,    0,    0,    0,    0,
2018177,    0,    0,    0,    0,    0,    0,    0,    0,
2018178,    0,    0,    0,    0,    0,    0,    0,    0,
2018179,    0,    0,    0,    0,    0,    0,    0,    0,
2018180,    0,    0,    0,    0,    0,    0,    0,    0,
2018181,    0,    0,    0,    0,    0,    0,    0,    0,
2018182,    0,    0,    0,    0,    0,    0,    0,    0,
2018183,    0,    0,    0,    0,    0,    0,    0,    0,
2018184,    0,    0,    0,    0,    0,    0,    0,    0,
2018185,    0,    0,    0,    0,    0,    0,    0,    0,
2018186,    0,    0,    0,    0,    0,    0,    0,    0,
2018187,    0,    0,    0,    0,    0,    0,    0,    0,
2018188,    0,    0,    0,    0,    0,    0,    0,    0,
2018189,    0,    0,    0,    0,    0,    0,    0,    0,
2018190,    0,    0,    0,    0,    0,    0,    0,    0,
2018191,    0,    0,    0,    0,    0,    0,    0,    0,
2018192,    0,    0,    0,    0,    0,    0,    0,    0,
2018193,    0,    0,    0,    0,    0,    0,    0,    0,
2018194,    0,    0,    0,    0,    0,    0,    0,    0,
2018195,    0,    0,    0,    0,    0,    0,    0,    0,
2018196,    0,    0,    0,    0,    0,    0,    0,    0,
2018197,    0,    0,    0,    0,    0,    0,    0,    0,
2018198,    0,    0,    0,    0,    0,    0,    0,    0,
2018199,    0,    0,    0,    0,    0,    0,    0,    0,
2018200,    0,    0,    0,    0,    0,    0,    0,    0,
2018201,    0,    0,    0,    0,    0,    0,    0,    0,
2018202,    0,    0,    0,    0,    0,    0,    0,    0,
2018203,    0,    0,    0,    0,    0,    0,    0,    0,
2018204,    0,    0,    0,    0,    0,    0,    0,    0,
2018205,    0,    0,    0,    0,    0,    0,    0,    0,
2018206,    0,    0,    0,    0,    0,    0,    0,    0,
2018207,    0,    0,    0,    0,    0,    0,    0,    0,
2018208,    0,    0,    0,    0,    0,    0,    0,    0,
2018209,    0,    0,    0,    0,    0,    0,    0,    0,
2018210,    0,    0,    0,    0,    0,    0,    0,    0,
2018211,    0,    0,    0,    0,    0,    0,    0,    0,
2018212,    0,    0,    0,    0,    0,    0,    0,    0,
2018213,    0,    0,    0,    0,    0,    0,    0,    0,
2018214,    0,    0,    0,    0,    0,    0,    0,    0,
2018215,    0,    0,    0,    0,    0,    0,    0,    0,
2018216,    0,    0,    0,    0,    0,    0,    0,    0,
2018217,    0,    0,    0,    0,    0,    0,    0,    0,
2018218,    0,    0,    0,    0,    0,    0,    0,    0,
2018219,    0,    0,    0,    0,    0,    0,    0,    0,
2018220,    0,    0,    0,    0,    0,    0,    0,    0,
2018221,    1,    0,    0,    0,    0,    0,    0,    0,
2018222,    1,    1,    0,    0,    0,    0,    0,    0,
2018223,    0,    1,    0,    0,    0,    0,    0,    0,
2018224,    0,    1,    0,    0,    0,    0,    0,    0,
2018225,    0,    1,    0,    0,    0,    0,    0,    0,
2018226,    0,    1,    0,    0,    0,    0,    0,    0,
2018227,    0,    1,    0,    0,    0,    0,    0,    0,
2018228,    0,    1,    0,    0,    0,    0,    0,    0,
2018229,    0,    1,    0,    0,    0,    0,    0,    0,
2018230,    0,    1,    0,    0,    0,    0,    0,    0,
2018231,    0,    1,    0,    0,    0,    0,    0,    0,
2018232,    0,    1,    0,    0,    0,    0,    0,    0,
2018233,    0,    1,    0,    0,    0,    0,    0,    0,
2018234,    0,    1,    0,    0,    0,    0,    0,    0,
2018235,    0,    1,    0,    0,    0,    0,    0,    0,
2018236,    0,    0,    0,    0,    0,    0,    0,    0,
2018237,    0,    0,    0,    0,    0,    0,    0,    0,
2018238,    0,    0,    0,    0,    0,    0,    0,    0,
2018239,    0,    0,    0,    0,    0,    0,    0,    0,
2018240,    0,    0,    0,    0,    0,    0,    0,    0,
2018241,    0,    0,    0,    0,    0,    0,    0,    0,
2018242,    0,    0,    0,    0,    0,    0,    0,    0,
2018243,    0,    0,    0,    0,    0,    0,    0,    0,
2018244,    0,    0,    0,    0,    0,    0,    0,    0,
2018245,    0,    0,    0,    0,    0,    0,    0,    0,
2018246,    0,    0,    0,    0,    0,    0,    0,    0,
2018247,    0,    0,    0,    0,    0,    0,    0,    0,
2018248,    0,    0,    0,    0,    0,    0,    0,    0,
2018249,    0,    0,    0,    0,    0,    0,    0,    0,
2018250,    0,    0,    0,    0,    0,    0,    0,    0,
2018251,    0,    0,    0,    0,    0,    0,    0,    0,
2018252,    0,    0,    0,    0,    0,    0,    0,    0,
2018253,    0,    0,    0,    0,    0,    0,    0,    0,
2018254,    0,    0,    0,    0,    0,    0,    0,    0,
2018255,    0,    0,    0,    0,    0,    0,    0,    0,
2018256,    0,    0,    0,    0,    0,    0,    0,    0,
2018257,    0,    0,    0,    0,    0,    0,    0,    0,
2018258,    0,    0,    0,    0,    0,    0,    0,    0,
2018259,    0,    0,    0,    0,    0,    0,    0,    0,
2018260,    0,    0,    0,    0,    0,    0,    0,    0,
2018261,    0,    0,    0,    0,    0,    0,    0,    0,
2018262,    1,    0,    0,    0,    0,    0,    0,    0,
2018263,    1,    0,    0,    0,    0,    0,    0,    0,
2018264,    1,    0,    0,    0,    0,    0,    0,    0,
2018265,    1,    0,    0,    0,    0,    0,    0,    0,
2018266,    1,    0,    0,    0,    0,    0,    0,    0,
2018267,    1,    0,    0,    0,    0,    0,    0,    0,
2018268,    1,    0,    0,    0,    0,    0,    0,    0,
2018269,    1,    0,    0,    0,    0,    0,    0,    0,
2018270,    1,    0,    0,    0,    0,    0,    0,    0,
2018271,    1,    0,    0,    0,    0,    0,    0,    0,
2018272,    1,    0,    0,    0,    0,    0,    0,    0,
2018273,    0,    0,    0,    0,    0,    0,    0,    0,
2018274,    0,    0,    0,    0,    0,    0,    0,    0,
2018275,    0,    0,    0,    0,    0,    0,    0,    0,
2018276,    0,    0,    0,    0,    0,    0,    0,    0,
2018277,    0,    0,    0,    0,    0,    0,    0,    0,
2018278,    0,    0,    0,    0,    0,    0,    0,    0,
2018279,    0,    0,    0,    0,    0,    0,    0,    0,
2018280,    0,    0,    0,    0,    0,    0,    0,    0,
2018281,    0,    0,    0,    0,    0,    0,    0,    0,
2018282,    0,    0,    0,    0,    0,    0,    0,    0,
2018283,    0,    0,    0,    0,    0,    0,    0,    0,
2018284,    0,    0,    0,    0,    0,    0,    0,    0,
2018285,    0,    0,    0,    0,    0,    0,    0,    0,
2018286,    0,    0,    0,    0,    0,    0,    0,    0,
2018287,    0,    0,    0,    0,    0,    0,    0,    0,
2018288,    1,    0,    0,    0,    0,    0,    0,    0,
2018289,    1,    0,    1,    1,    1,    1,    1,    1,
2018290,    1,    0,    1,    1,    1,    1,    1,    1,
2018291,    1,    0,    0,    0,    0,    0,    0,    0,
2018292,    1,    0,    0,    0,    0,    0,    0,    0,
2018293,    1,    0,    0,    0,    0,    0,    0,    0,
2018294,    1,    0,    0,    0,    0,    0,    0,    0,
2018295,    1,    0,    0,    0,    0,    0,    0,    0,
2018296,    1,    0,    0,    0,    0,    0,    0,    0,
2018297,    1,    0,    0,    0,    0,    0,    0,    0,
2018298,    1,    0,    0,    0,    0,    0,    0,    0,
2018299,    1,    0,    0,    0,    0,    0,    0,    0,
2018300,    1,    0,    0,    0,    0,    0,    0,    0,
2018301,    1,    0,    0,    0,    0,    0,    0,    0,
2018302,    1,    0,    0,    0,    0,    0,    0,    0,
2018303,    1,    0,    0,    0,    0,    0,    0,    0,
2018304,    1,    0,    0,    0,    0,    0,    0,    0,
2018305,    1,    0,    0,    0,    0,    0,    0,    0,
2018306,    1,    0,    0,    0,    0,    0,    0,    0,
2018307,    1,    0,    0,    0,    0,    0,    0,    0,
2018308,    1,    0,    0,    0,    0,    0,    0,    0,
2018309,    1,    0,    0,    0,    0,    0,    0,    0,
2018310,    1,    0,    0,    0,    0,    0,    0,    0,
2018311,    1,    0,    0,    0,    0,    0,    0,    0,
2018312,    1,    0,    0,    0,    0,    0,    0,    0,
2018313,    1,    0,    0,    0,    0,    0,    0,    0,
2018314,    1,    0,    0,    0,    0,    0,    0,    0,
2018315,    1,    0,    0,    0,    0,    0,    0,    0,
2018316,    1,    0,    0,    0,    0,    0,    0,    0,
2018317,    1,    0,    0,    0,    0,    0,    0,    0,
2018318,    1,    0,    0,    0,    0,    0,    0,    0,
2018319,    1,    0,    0,    0,    0,    0,    0,    0,
2018320,    1,    0,    0,    0,    0,    0,    0,    0,
2018321,    1,    0,    0,    0,    0,    0,    0,    0,
2018322,    1,    0,    0,    0,    0,    0,    0,    0,
2018323,    1,    0,    0,    0,    0,    0,    0,    0,
2018324,    1,    0,    0,    0,    0,    0,    0,    0,
2018325,    1,    0,    0,    0,    0,    0,    0,    0,
2018326,    1,    0,    0,    0,    0,    0,    0,    0,
2018327,    1,    0,    0,    0,    0,    0,    0,    0,
2018328,    1,    0,    0,    0,    0,    0,    0,    0,
2018329,    1,    0,    0,    0,    0,    0,    0,    0,
2018330,    1,    0,    0,    0,    0,    0,    0,    0,
2018331,    1,    0,    0,    0,    0,    0,    0,    0,
2018332,    1,    0,    0,    0,    0,    0,    0,    0,
2018333,    1,    0,    0,    0,    0,    0,    0,    0,
2018334,    1,    0,    0,    0,    0,    0,    0,    0,
2018335,    1,    0,    0,    0,    0,    0,    0,    0,
2018336,    1,    0,    0,    0,    0,    0,    0,    0,
2018337,    1,    0,    0,    0,    0,    0,    0,    0,
2018338,    1,    1,    1,    1,    0,    0,    1,    1,
2018339,    1,    1,    1,    0,    0,    0,    1,    1,
2018340,    1,    1,    1,    0,    0,    0,    1,    1,
2018341,    1,    1,    1,    0,    0,    0,    1,    1,
2018342,    1,    1,    1,    0,    0,    0,    1,    1,
2018343,    1,    1,    1,    0,    0,    0,    1,    1,
2018344,    1,    1,    1,    0,    0,    0,    1,    1,
2018345,    1,    1,    1,    0,    0,    0,    1,    1,
2018346,    1,    1,    1,    0,    0,    0,    1,    1,
2018347,    1,    1,    1,    0,    0,    0,    1,    0,
2018348,    1,    1,    1,    0,    0,    0,    1,    0,
2018349,    1,    1,    1,    0,    0,    0,    1,    0,
2018350,    1,    1,    1,    0,    0,    0,    1,    0,
2018351,    1,    1,    1,    0,    0,    0,    1,    0,
2018352,    1,    1,    1,    0,    0,    0,    1,    0,
2018353,    1,    1,    1,    0,    0,    0,    1,    0,
2018354,    1,    1,    1,    0,    0,    0,    1,    0,
2018355,    1,    1,    1,    0,    0,    0,    1,    0,
2018356,    1,    1,    1,    0,    0,    0,    1,    0,
2018357,    1,    1,    1,    0,    0,    0,    1,    0,
2018358,    1,    1,    1,    0,    0,    0,    1,    0,
2018359,    1,    1,    1,    0,    0,    0,    1,    0,
2018360,    1,    1,    1,    0,    0,    0,    1,    0,
2018361,    1,    1,    1,    0,    0,    0,    1,    0,
2018362,    1,    1,    1,    0,    0,    0,    1,    0,
2018363,    1,    1,    1,    0,    0,    0,    1,    0,
2018364,    1,    1,    1,    0,    0,    0,    1,    0,
2018365,    1,    1,    1,    0,    0,    0,    1,    0,
2019001,    1,    1,    1,    0,    0,    0,    1,    0,
2019002,    1,    1,    1,    0,    0,    0,    1,    0,
2019003,    1,    1,    1,    0,    0,    0,    1,    0,
2019004,    1,    1,    1,    0,    0,    0,    1,    0,
2019005,    1,    1,    1,    0,    0,    0,    1,    0,
2019006,    1,    1,    1,    0,    0,    0,    1,    0,
2019007,    1,    1,    1,    0,    0,    0,    1,    0,
2019008,    1,    1,    1,    0,    0,    0,    1,    0,
2019009,    1,    1,    1,    0,    0,    0,    1,    0,
2019010,    1,    1,    1,    0,    0,    0,    1,    0,
2019011,    1,    1,    1,    0,    0,    0,    1,    0,
2019012,    1,    1,    1,    0,    0,    0,    1,    0,
2019013,    1,    1,    1,    0,    0,    0,    1,    0,
2019014,    1,    1,    1,    0,    0,    0,    1,    0,
2019015,    1,    1,    1,    0,    0,    0,    1,    0,
2019016,    1,    1,    1,    0,    0,    0,    1,    0,
2019017,    1,    1,    1,    0,    0,    0,    1,    0,
2019018,    1,    1,    1,    0,    0,    0,    1,    0,
2019019,    1,    1,    1,    0,    0,    0,    1,    0,
2019020,    1,    1,    1,    0,    0,    0,    1,    0,
2019021,    1,    1,    1,    0,    0,    0,    1,    0,
2019022,    1,    1,    1,    0,    0,    0,    1,    0,
2019023,    1,    1,    1,    0,    0,    0,    1,    0,
2019024,    1,    1,    1,    0,    0,    0,    1,    0,
2019025,    1,    1,    1,    0,    0,    0,    1,    0,
2019026,    1,    1,    1,    0,    0,    0,    1,    0,
2019027,    1,    1,    1,    0,    0,    0,    1,    0,
2019028,    1,    1,    1,    0,    0,    0,    1,    0,
2019029,    1,    1,    1,    0,    0,    0,    1,    0,
2019030,    1,    1,    1,    0,    0,    0,    1,    0,
2019031,    1,    1,    1,    0,    0,    0,    1,    0,
2019032,    1,    1,    1,    0,    0,    0,    1,    0,
2019033,    1,    1,    1,    0,    0,    0,    1,    0,
2019034,    1,    1,    1,    0,    0,    0,    1,    0,
2019035,    1,    1,    1,    0,    0,    0,    1,    0,
2019036,    1,    1,    1,    0,    0,    0,    0,    0,
2019037,    1,    1,    1,    0,    0,    0,    0,    0,
2019038,    1,    1,    1,    0,    0,    0,    0,    0,
2019039,    1,    1,    1,    0,    0,    1,    0,    0,
2019040,    1,    1,    1,    0,    0,    1,    0,    0,
2019041,    1,    1,    1,    0,    0,    1,    0,    0,
2019042,    1,    1,    1,    0,    0,    1,    0,    0,
2019043,    1,    1,    1,    0,    0,    1,    0,    0,
2019044,    1,    1,    1,    0,    0,    0,    1,    1,
2019045,    1,    1,    1,    0,    0,    0,    1,    1,
2019046,    1,    1,    1,    0,    0,    0,    1,    1,
2019047,    1,    1,    1,    0,    0,    0,    1,    1,
2019048,    1,    1,    1,    0,    0,    0,    1,    1,
2019049,    1,    1,    1,    0,    0,    0,    1,    1,
2019050,    1,    1,    1,    0,    0,    0,    1,    1,
2019051,    1,    1,    1,    0,    0,    0,    1,    1,
2019052,    1,    1,    1,    0,    0,    0,    1,    1,
2019053,    1,    1,    1,    0,    0,    0,    1,    1,
2019054,    1,    1,    1,    0,    0,    0,    1,    1,
2019055,    1,    1,    1,    0,    0,    0,    1,    1,
2019056,    1,    1,    1,    0,    0,    0,    1,    1,
2019057,    1,    1,    1,    0,    0,    0,    1,    1,
2019058,    1,    1,    1,    0,    0,    0,    1,    1,
2019059,    1,    1,    1,    0,    0,    0,    1,    1,
2019060,    1,    1,    1,    0,    0,    0,    1,    1,
2019061,    1,    1,    1,    0,    0,    0,    1,    1,
2019062,    1,    1,    1,    0,    0,    0,    1,    1,
2019063,    1,    1,    1,    0,    0,    0,    1,    1,
2019064,    1,    1,    1,    0,    0,    0,    1,    1,
2019065,    1,    1,    1,    0,    0,    0,    1,    1,
2019066,    1,    1,    1,    0,    0,    0,    1,    1,
2019067,    1,    1,    1,    0,    0,    0,    1,    1,
2019068,    1,    1,    1,    0,    0,    0,    1,    1,
2019069,    1,    1,    1,    0,    0,    0,    1,    1,
2019070,    1,    1,    1,    0,    0,    0,    1,    1,
2019071,    1,    1,    1,    0,    0,    0,    1,    1,
2019072,    1,    1,    1,    0,    0,    0,    1,    1,
2019073,    1,    1,    1,    0,    0,    0,    1,    1,
2019074,    1,    1,    1,    0,    0,    0,    1,    1,
2019075,    1,    1,    1,    0,    0,    0,    1,    1,
2019076,    1,    1,    1,    0,    0,    0,    1,    1,
2019077,    1,    1,    1,    0,    0,    0,    1,    1,
2019078,    1,    1,    1,    0,    0,    0,    1,    1,
2019079,    1,    1,    1,    0,    0,    0,    1,    1,
2019080,    1,    1,    1,    0,    0,    0,    1,    1,
2019081,    1,    1,    1,    0,    0,    0,    1,    1,
2019082,    1,    1,    1,    0,    0,    0,    1,    1,
2019083,    1,    1,    1,    0,    0,    0,    1,    1,
2019084,    1,    1,    1,    0,    0,    0,    1,    1,
2019085,    1,    1,    1,    0,    0,    0,    1,    1,
2019086,    1,    1,    1,    0,    0,    0,    1,    1,
2019087,    1,    1,    1,    0,    0,    0,    1,    1,
2019088,    1,    1,    1,    0,    0,    0,    1,    1,
2019089,    1,    1,    1,    0,    0,    0,    1,    1,
2019090,    1,    1,    1,    0,    0,    0,    1,    1,
2019091,    1,    1,    1,    0,    0,    0,    1,    1,
2019092,    1,    1,    1,    0,    0,    0,    1,    1,
2019093,    1,    1,    1,    0,    0,    0,    1,    1,
2019094,    1,    1,    1,    0,    0,    0,    1,    1,
2019095,    1,    1,    1,    0,    0,    0,    1,    1,
2019096,    1,    1,    1,    0,    0,    0,    1,    1,
2019097,    1,    1,    1,    0,    0,    0,    1,    1,
2019098,    0,    1,    1,    0,    0,    0,    1,    1,
2019099,    0,    1,    1,    0,    0,    0,    1,    1,
2019100,    1,    1,    1,    0,    0,    1,    1,    1,
2019101,    1,    1,    1,    0,    0,    1,    1,    1,
2019102,    1,    1,    1,    0,    0,    1,    1,    1,
2019103,    1,    1,    1,    0,    0,    1,    1,    1,
2019104,    1,    1,    1,    0,    0,    1,    1,    1,
2019105,    1,    1,    1,    0,    0,    1,    1,    1,
2019106,    1,    1,    1,    0,    0,    1,    1,    1,
2019107,    1,    1,    1,    0,    0,    1,    1,    1,
2019108,    1,    1,    1,    0,    0,    1,    1,    1,
2019109,    1,    1,    1,    0,    0,    1,    1,    1,
2019110,    1,    1,    1,    0,    0,    1,    1,    1,
2019111,    1,    1,    1,    0,    0,    1,    1,    1,
2019112,    1,    1,    1,    0,    0,    1,    1,    1,
2019113,    1,    1,    1,    0,    0,    1,    1,    1,
2019114,    1,    1,    1,    0,    0,    1,    1,    1,
2019115,    1,    1,    1,    0,    0,    1,    1,    1,
2019116,    1,    1,    1,    0,    0,    1,    1,    1,
2019117,    1,    1,    1,    0,    0,    1,    1,    1,
2019118,    1,    1,    1,    0,    0,    1,    1,    1,
2019119,    1,    1,    1,    0,    0,    1,    1,    1,
2019120,    1,    1,    1,    0,    0,    1,    1,    1,
2019121,    1,    1,    1,    0,    0,    1,    1,    1,
2019122,    1,    1,    1,    0,    0,    1,    1,    1,
2019123,    1,    1,    1,    0,    0,    1,    1,    1,
2019124,    1,    1,    1,    0,    0,    1,    1,    1,
2019125,    1,    1,    1,    0,    0,    1,    1,    1,
2019126,    1,    1,    1,    0,    0,    1,    1,    1,
2019127,    1,    1,    1,    0,    0,    1,    1,    1,
2019128,    1,    1,    1,    0,    0,    1,    1,    1,
2019129,    1,    1,    1,    0,    0,    1,    1,    1,
2019130,    1,    1,    1,    0,    0,    1,    1,    1,
2019131,    1,    1,    1,    0,    0,    1,    1,    1,
2019132,    1,    1,    1,    0,    0,    1,    1,    1,
2019133,    1,    1,    1,    0,    0,    1,    1,    1,
2019134,    1,    1,    1,    0,    0,    1,    1,    1,
2019135,    1,    1,    1,    0,    0,    1,    1,    0,
2019136,    1,    1,    1,    0,    0,    1,    1,    0,
2019137,    1,    1,    1,    0,    0,    1,    1,    0,
2019138,    1,    1,    1,    0,    0,    1,    1,    0,
2019139,    1,    1,    1,    0,    0,    1,    1,    0,
2019140,    1,    1,    1,    0,    0,    1,    1,    0,
2019141,    1,    1,    1,    0,    0,    1,    1,    0,
2019142,    1,    1,    1,    0,    0,    1,    1,    0,
2019143,    1,    1,    1,    0,    0,    1,    1,    0,
2019144,    1,    1,    1,    0,    0,    1,    1,    0,
2019145,    1,    1,    1,    0,    0,    1,    1,    0,
2019146,    1,    1,    1,    0,    0,    1,    1,    0,
2019147,    1,    1,    1,    0,    0,    1,    1,    0,
2019148,    1,    1,    1,    0,    0,    1,    1,    0,
2019149,    1,    1,    1,    0,    0,    1,    1,    0,
2019150,    1,    1,    1,    0,    0,    1,    1,    0,
2019151,    1,    1,    1,    0,    0,    1,    1,    0,
2019152,    1,    1,    1,    0,    0,    1,    1,    0,
2019153,    1,    1,    1,    0,    0,    1,    1,    0,
2019154,    1,    1,    1,    0,    0,    1,    1,    0,
2019155,    1,    1,    1,    0,    0,    1,    1,    0,
2019156,    1,    1,    1,    0,    0,    1,    1,    0,
2019157,    1,    1,    1,    0,    0,    1,    1,    0,
2019158,    1,    1,    1,    0,    0,    1,    1,    0,
2019159,    1,    1,    1,    0,    0,    1,    1,    0,
2019160,    1,    1,    1,    0,    0,    1,    1,    0,
2019161,    1,    1,    1,    0,    0,    1,    1,    0,
2019162,    1,    1,    1,    0,    0,    1,    1,    0,
2019163,    1,    1,    0,    0,    0,    1,    1,    0,
2019164,    1,    0,    0,    0,    0,    1,    1,    0,
2019165,    1,    0,    0,    0,    0,    1,    1,    0,
2019166,    0,    0,    0,    0,    0,    1,    1,    0,
2019167,    0,    0,    0,    0,    0,    1,    1,    0,
2019168,    0,    0,    0,    0,    0,    1,    1,    0,
2019169,    0,    0,    0,    0,    0,    1,    1,    0,
2019170,    0,    0,    0,    0,    0,    1,    1,    1,
2019171,    0,    0,    0,    0,    0,    1,    1,    0,
2019172,    0,    0,    0,    0,    0,    1,    1,    0,
2019173,    0,    0,    0,    0,    0,    1,    1,    0,
2019174,    0,    0,    0,    0,    0,    1,    1,    0,
2019175,    0,    0,    0,    0,    0,    1,    1,    0,
2019176,    0,    1,    0,    1,    0,    1,    1,    1,
2019177,    0,    1,    0,    1,    0,    0,    1,    1,
2019178,    0,    1,    0,    1,    0,    0,    1,    1,
2019179,    0,    1,    0,    1,    0,    0,    1,    1,
2019180,    0,    1,    0,    1,    0,    0,    1,    1,
2019181,    0,    1,    0,    1,    0,    0,    1,    1,
2019182,    0,    1,    0,    1,    0,    0,    1,    1,
2019183,    0,    1,    0,    1,    0,    0,    1,    1,
2019184,    0,    1,    0,    1,    0,    0,    1,    1,
2019185,    0,    1,    0,    1,    0,    0,    1,    1,
2019186,    0,    1,    0,    1,    0,    0,    1,    1,
2019187,    0,    1,    0,    1,    0,    0,    1,    1,
2019188,    0,    1,    0,    1,    0,    0,    1,    1,
2019189,    0,    1,    0,    1,    0,    0,    1,    1,
2019190,    0,    1,    0,    1,    0,    0,    1,    1,
2019191,    0,    1,    0,    1,    0,    0,    1,    1,
2019192,    0,    1,    0,    1,    0,    0,    1,    1,
2019193,    0,    1,    0,    1,    0,    0,    1,    1,
2019194,    0,    1,    0,    1,    0,    0,    1,    1,
2019195,    0,    1,    0,    1,    0,    0,    1,    1,
2019196,    0,    1,    0,    1,    0,    0,    1,    1,
2019197,    1,    1,    1,    1,    0,    0,    1,    1,
2019198,    1,    1,    1,    1,    0,    0,    1,    1,
2019199,    1,    1,    1,    1,    0,    0,    1,    1,
2019200,    1,    1,    1,    1,    0,    0,    1,    1,
2019201,    1,    1,    1,    1,    0,    0,    1,    1,
2019202,    1,    1,    1,    1,    0,    0,    1,    1,
2019203,    1,    1,    1,    1,    0,    0,    1,    1,
2019204,    1,    1,    1,    1,    0,    0,    1,    1,
2019205,    1,    1,    1,    1,    0,    0,    1,    1,
2019206,    1,    1,    1,    1,    0,    0,    1,    1,
2019207,    1,    1,    1,    1,    0,    0,    1,    1,
2019208,    1,    1,    1,    1,    0,    0,    1,    1,
2019209,    1,    1,    1,    1,    0,    0,    1,    1,
2019210,    1,    1,    1,    1,    0,    0,    1,    1,
2019211,    1,    1,    1,    1,    0,    0,    1,    1,
2019212,    1,    1,    1,    1,    0,    0,    1,    1,
2019213,    1,    1,    1,    1,    0,    0,    1,    1,
2019214,    1,    1,    1,    1,    0,    0,    1,    1,
2019215,    1,    1,    1,    1,    0,    0,    1,    1,
2019216,    1,    1,    1,    1,    0,    0,    1,    1,
2019217,    1,    1,    1,    1,    0,    0,    1,    1,
2019218,    1,    1,    1,    1,    0,    0,    1,    1,
2019219,    1,    1,    1,    1,    0,    0,    1,    1,
2019220,    1,    1,    1,    1,    0,    0,    1,    1,
2019221,    1,    1,    1,    1,    0,    0,    1,    1,
2019222,    1,    1,    1,    1,    0,    0,    1,    1,
2019223,    1,    1,    1,    1,    0,    0,    1,    1,
2019224,    1,    1,    1,    1,    0,    0,    1,    1,
2019225,    1,    1,    1,    1,    0,    0,    1,    1,
2019226,    1,    1,    1,    1,    0,    0,    1,    1,
2019227,    1,    1,    1,    1,    0,    0,    1,    1,
2019228,    1,    1,    1,    1,    0,    0,    1,    1,
2019229,    1,    1,    1,    1,    0,    0,    1,    1,
2019230,    1,    1,    1,    1,    0,    0,    1,    1,
2019231,    1,    1,    1,    1,    0,    0,    1,    1,
2019232,    1,    1,    1,    1,    0,    0,    1,    1,
2019233,    1,    1,    1,    1,    0,    0,    1,    1,
2019234,    1,    1,    1,    1,    0,    0,    1,    1,
2019235,    1,    1,    1,    1,    0,    0,    1,    1,
2019236,    1,    1,    1,    1,    0,    0,    1,    1,
2019237,    1,    1,    1,    1,    0,    0,    1,    1,
2019238,    1,    1,    1,    1,    0,    0,    1,    1,
2019239,    1,    1,    1,    1,    0,    0,    1,    1,
2019240,    1,    1,    1,    1,    0,    0,    1,    1,
2019241,    1,    1,    1,    1,    0,    0,    1,    1,
2019242,    1,    1,    1,    1,    0,    0,    1,    1,
2019243,    0,    0,    0,    0,    0,    0,    1,    0,
2019244,    0,    0,    0,    0,    0,    0,    1,    0,
2019245,    0,    0,    0,    0,    0,    0,    1,    0,
2019246,    0,    0,    0,    0,    0,    0,    1,    0,
2019247,    0,    0,    0,    0,    0,    0,    1,    0,
2019248,    0,    0,    0,    0,    0,    0,    1,    0,
2019249,    0,    0,    0,    0,    0,    0,    1,    0,
2019250,    0,    0,    0,    0,    0,    0,    1,    0,
2019251,    0,    0,    0,    0,    0,    0,    1,    0,
2019252,    0,    0,    0,    0,    0,    0,    1,    0,
2019253,    0,    0,    0,    0,    0,    0,    1,    0,
2019254,    0,    0,    0,    0,    0,    0,    0,    0,
2019255,    1,    1,    1,    1,    0,    0,    0,    1,
2019256,    1,    1,    1,    1,    0,    0,    1,    1,
2019257,    1,    1,    1,    1,    0,    0,    1,    1,
2019258,    1,    1,    1,    1,    0,    0,    1,    1,
2019259,    1,    1,    1,    1,    0,    0,    1,    1,
2019260,    1,    1,    1,    1,    0,    0,    1,    1,
2019261,    1,    1,    1,    1,    0,    0,    1,    1,
2019262,    1,    1,    1,    1,    0,    0,    1,    1,
2019263,    1,    1,    1,    1,    0,    0,    1,    1,
2019264,    1,    1,    1,    1,    0,    0,    1,    1,
2019265,    1,    1,    1,    1,    0,    0,    1,    1,
2019266,    1,    1,    1,    1,    0,    0,    1,    1,
2019267,    1,    1,    1,    1,    0,    0,    1,    1,
2019268,    1,    1,    1,    1,    0,    0,    1,    1,
2019269,    1,    1,    1,    1,    0,    0,    1,    1,
2019270,    1,    1,    1,    1,    0,    0,    1,    1,
2019271,    1,    1,    1,    1,    0,    0,    1,    1,
2019272,    1,    1,    1,    1,    0,    0,    1,    1,
2019273,    1,    1,    1,    1,    0,    0,    1,    1,
2019274,    1,    1,    1,    1,    0,    0,    1,    1,
2019275,    1,    1,    1,    1,    0,    0,    1,    1,
2019276,    1,    1,    1,    1,    0,    0,    1,    1,
2019277,    1,    1,    1,    1,    0,    0,    1,    1,
2019278,    1,    1,    1,    1,    0,    0,    1,    1,
2019279,    1,    1,    1,    1,    0,    0,    1,    1,
2019280,    1,    1,    1,    1,    0,    0,    1,    1,
2019281,    1,    1,    1,    1,    0,    0,    1,    1,
2019282,    1,    1,    1,    1,    0,    0,    1,    1,
2019283,    1,    1,    1,    1,    0,    0,    1,    1,
2019284,    1,    1,    1,    1,    0,    0,    1,    1,
2019285,    1,    1,    1,    1,    0,    0,    1,    1,
2019286,    1,    1,    1,    1,    0,    0,    1,    1,
2019287,    1,    1,    1,    1,    0,    0,    1,    1,
2019288,    1,    1,    1,    1,    0,    0,    1,    1,
2019289,    1,    1,    1,    1,    0,    0,    1,    1,
2019290,    1,    1,    1,    1,    0,    0,    1,    1,
2019291,    1,    1,    1,    1,    0,    0,    1,    1,
2019292,    1,    1,    1,    1,    0,    0,    1,    1,
2019293,    1,    1,    1,    1,    0,    0,    0,    1,
2019294,    1,    1,    1,    1,    0,    0,    0,    1,
2019295,    1,    1,    1,    1,    0,    0,    0,    1,
2019296,    1,    1,    1,    1,    0,    0,    0,    1,
2019297,    1,    1,    1,    1,    0,    0,    0,    1,
2019298,    1,    1,    1,    1,    0,    0,    0,    1,
2019299,    1,    1,    1,    1,    0,    0,    0,    1,
2019300,    1,    1,    1,    1,    0,    0,    0,    1,
2019301,    1,    1,    1,    1,    0,    0,    0,    1,
2019302,    1,    1,    1,    1,    0,    0,    0,    1,
2019303,    1,    1,    1,    1,    0,    0,    0,    1,
2019304,    1,    1,    1,    1,    0,    0,    0,    1,
2019305,    1,    1,    1,    1,    0,    0,    0,    1,
2019306,    1,    1,    1,    1,    0,    0,    0,    1,
2019307,    1,    1,    1,    1,    0,    0,    0,    1,
2019308,    1,    1,    1,    1,    0,    0,    0,    1,
2019309,    1,    1,    1,    1,    0,    0,    0,    1,
2019310,    1,    1,    1,    1,    0,    0,    0,    1,
2019311,    1,    1,    1,    1,    0,    0,    0,    1,
2019312,    1,    1,    1,    1,    0,    0,    0,    1,
2019313,    1,    1,    1,    1,    0,    0,    0,    1,
2019314,    1,    1,    1,    1,    0,    0,    0,    1,
2019315,    1,    1,    1,    1,    0,    0,    0,    1,
2019316,    1,    1,    1,    1,    0,    0,    0,    1,
2019317,    1,    1,    1,    1,    0,    0,    0,    1,
2019318,    0,    1,    1,    1,    0,    0,    0,    1,
2019319,    0,    1,    1,    1,    0,    0,    0,    1,
2019320,    0,    0,    0,    0,    0,    0,    0,    1,
2019321,    0,    0,    0,    0,    0,    0,    0,    1,
2019322,    0,    0,    0,    0,    0,    0,    0,    1,
2019323,    0,    0,    0,    0,    0,    0,    0,    1,
2019324,    0,    0,    0,    0,    0,    0,    0,    0,
2019325,    0,    0,    0,    0,    0,    0,    0,    0,
2019326,    0,    0,    0,    0,    0,    0,    0,    0,
2019327,    0,    0,    0,    0,    0,    0,    0,    0,
2019328,    0,    0,    0,    0,    0,    0,    0,    0,
2019329,    0,    0,    0,    0,    0,    0,    0,    0,
2019330,    0,    0,    0,    0,    0,    0,    0,    0,
2019331,    0,    0,    0,    0,    0,    0,    0,    0,
2019332,    0,    0,    0,    0,    0,    0,    0,    0,
2019333,    0,    0,    0,    0,    0,    0,    0,    0,
2019334,    0,    0,    0,    0,    0,    0,    0,    0,
2019335,    0,    0,    0,    0,    0,    0,    0,    0,
2019336,    0,    0,    0,    0,    0,    0,    0,    0,
2019337,    0,    0,    0,    0,    0,    0,    0,    0,
2019338,    0,    0,    0,    0,    0,    0,    0,    0,
2019339,    0,    0,    0,    0,    0,    0,    0,    0,
2019340,    0,    0,    0,    0,    0,    0,    0,    0,
2019341,    0,    0,    0,    0,    0,    0,    0,    0,
2019342,    0,    0,    0,    0,    0,    0,    0,    0,
2019343,    0,    0,    0,    0,    0,    0,    0,    0,
2019344,    0,    0,    0,    0,    0,    0,    0,    0,
2019345,    0,    0,    0,    0,    0,    0,    0,    0,
2019346,    0,    0,    0,    0,    0,    0,    0,    0,
2019347,    0,    0,    0,    0,    0,    0,    0,    0,
2019348,    0,    0,    0,    0,    0,    0,    0,    0,
2019349,    0,    0,    0,    0,    0,    0,    0,    0,
2019350,    0,    0,    0,    0,    0,    0,    0,    0,
2019351,    0,    0,    0,    0,    0,    0,    0,    0,
2019352,    0,    0,    0,    0,    0,    0,    0,    0,
2019353,    0,    0,    0,    0,    0,    0,    0,    0,
2019354,    0,    0,    0,    0,    0,    0,    0,    0,
2019355,    0,    0,    0,    0,    0,    0,    0,    0,
2019356,    0,    0,    0,    0,    0,    0,    0,    0,
2019357,    0,    0,    0,    0,    0,    0,    0,    0,
2019358,    0,    0,    0,    0,    0,    0,    0,    0,
2019359,    0,    0,    0,    0,    0,    0,    0,    0,
2019360,    0,    0,    0,    0,    0,    0,    0,    0,
2019361,    0,    0,    0,    0,    0,    0,    0,    0,
2019362,    0,    0,    0,    0,    0,    0,    0,    0,
2019363,    0,    0,    0,    0,    0,    0,    0,    0,
2019364,    0,    0,    0,    0,    0,    0,    0,    0,
2019365,    0,    0,    0,    0,    0,    0,    0,    0,
2020001,    0,    0,    0,    0,    0,    0,    0,    0,
2020002,    0,    0,    0,    0,    0,    0,    0,    0,
2020003,    0,    0,    0,    0,    0,    0,    0,    0,
2020004,    0,    0,    0,    0,    0,    0,    0,    0,
2020005,    0,    0,    0,    0,    0,    0,    0,    0,
2020006,    0,    0,    0,    0,    0,    0,    0,    0,
2020007,    0,    0,    0,    0,    0,    0,    0,    0,
2020008,    0,    0,    0,    0,    0,    0,    0,    0,
2020009,    0,    0,    0,    0,    0,    0,    0,    0,
2020010,    0,    0,    0,    0,    0,    0,    0,    0,
2020011,    0,    0,    0,    0,    0,    0,    0,    0,
2020012,    0,    0,    0,    0,    0,    0,    0,    0,
2020013,    0,    0,    0,    0,    0,    0,    0,    0,
2020014,    0,    0,    0,    0,    0,    0,    0,    0,
2020015,    0,    0,    0,    0,    0,    0,    0,    0,
2020016,    0,    0,    0,    0,    0,    0,    0,    0,
2020017,    0,    0,    0,    0,    0,    0,    0,    0,
2020018,    0,    0,    0,    0,    0,    0,    0,    0,
2020019,    0,    0,    0,    0,    0,    0,    0,    0,
2020020,    0,    0,    0,    0,    0,    0,    0,    0,
2020021,    0,    0,    0,    0,    0,    0,    0,    0,
2020022,    0,    0,    0,    0,    0,    0,    0,    0,
2020023,    0,    0,    0,    0,    0,    0,    0,    0,
2020024,    0,    0,    0,    0,    0,    0,    0,    0,
2020025,    0,    0,    0,    0,    0,    0,    0,    0,
2020026,    0,    0,    0,    0,    0,    0,    0,    0,
2020027,    0,    0,    0,    0,    0,    0,    0,    0,
2020028,    0,    0,    0,    0,    0,    0,    0,    0,
2020029,    0,    0,    0,    0,    0,    0,    0,    0,
2020030,    0,    0,    0,    0,    0,    0,    0,    0,
2020031,    1,    0,    0,    1,    0,    0,    0,    0,
2020032,    1,    0,    0,    1,    0,    0,    0,    0,
2020033,    1,    0,    0,    1,    0,    0,    0,    0,
2020034,    1,    0,    0,    1,    0,    0,    0,    0,
2020035,    1,    0,    0,    1,    0,    0,    0,    0,
2020036,    1,    0,    0,    1,    0,    0,    0,    0,
2020037,    1,    0,    0,    1,    0,    0,    0,    0,
2020038,    1,    0,    0,    1,    0,    0,    0,    0,
2020039,    1,    0,    0,    1,    0,    0,    0,    0,
2020040,    1,    0,    0,    1,    0,    0,    0,    0,
2020041,    1,    0,    0,    1,    0,    0,    0,    0,
2020042,    1,    0,    0,    1,    0,    0,    0,    0,
2020043,    1,    0,    0,    1,    0,    0,    0,    0,
2020044,    1,    0,    0,    1,    0,    0,    0,    0,
2020045,    1,    0,    0,    1,    0,    0,    0,    0,
2020046,    1,    0,    0,    1,    0,    0,    0,    0,
2020047,    1,    0,    0,    1,    0,    0,    0,    0,
2020048,    1,    0,    0,    1,    0,    0,    0,    0,
2020049,    1,    0,    0,    1,    0,    0,    0,    0,
2020050,    1,    0,    0,    1,    0,    0,    0,    0,
2020051,    1,    0,    0,    1,    0,    0,    0,    0,
2020052,    1,    0,    0,    1,    0,    0,    0,    0,
2020053,    1,    0,    0,    1,    0,    0,    0,    0,
2020054,    1,    0,    0,    1,    0,    0,    0,    0,
2020055,    1,    0,    0,    1,    0,    0,    0,    0,
2020056,    1,    0,    0,    1,    0,    0,    0,    0,
2020057,    1,    0,    0,    1,    0,    0,    0,    0,
2020058,    1,    0,    0,    1,    0,    0,    0,    0,
2020059,    1,    0,    0,    1,    0,    0,    0,    0,
2020060,    1,    0,    0,    1,    0,    0,    0,    0,
2020061,    1,    0,    0,    1,    0,    0,    0,    0,
2020062,    1,    0,    0,    1,    0,    0,    0,    0,
2020063,    1,    0,    0,    1,    0,    0,    0,    0,
2020064,    1,    0,    0,    1,    0,    0,    0,    0,
2020065,    1,    0,    0,    1,    0,    0,    0,    0,
2020066,    1,    0,    0,    1,    0,    0,    0,    0,
2020067,    1,    0,    0,    1,    0,    0,    0,    0,
2020068,    1,    0,    0,    1,    0,    0,    0,    0,
2020069,    1,    0,    0,    1,    0,    0,    0,    0,
2020070,    1,    0,    0,    1,    0,    0,    0,    0,
2020071,    1,    0,    0,    1,    0,    0,    0,    0,
2020072,    1,    0,    0,    1,    0,    0,    0,    0,
2020073,    1,    0,    0,    1,    0,    0,    0,    0,
2020074,    1,    0,    0,    1,    0,    0,    0,    0,
2020075,    1,    0,    0,    1,    0,    0,    0,    0,
2020076,    1,    0,    0,    1,    0,    0,    0,    0,
2020077,    1,    0,    0,    1,    0,    0,    0,    0,
2020078,    1,    0,    0,    1,    0,    0,    0,    0,
2020079,    1,    0,    0,    1,    0,    0,    0,    0,
2020080,    1,    0,    0,    1,    0,    0,    0,    0,
2020081,    1,    0,    0,    1,    0,    0,    0,    0,
2020082,    1,    0,    0,    1,    0,    0,    0,    0,
2020083,    1,    0,    0,    1,    0,    0,    0,    0,
2020084,    1,    0,    0,    1,    0,    0,    0,    0,
2020085,    1,    0,    0,    1,    0,    0,    0,    0,
2020086,    1,    0,    0,    1,    0,    0,    0,    0,
2020087,    1,    0,    0,    1,    0,    0,    0,    0,
2020088,    1,    0,    0,    1,    0,    0,    0,    0,
2020089,    1,    0,    0,    1,    0,    0,    0,    0,
2020090,    1,    0,    0,    1,    0,    0,    0,    0,
2020091,    1,    0,    0,    1,    0,    0,    0,    0,
2020092,    1,    0,    0,    1,    0,    0,    0,    0,
2020093,    1,    0,    0,    1,    0,    0,    0,    0,
2020094,    0,    0,    0,    0,    0,    0,    0,    0,
2020095,    0,    0,    0,    0,    0,    0,    0,    0,
2020096,    0,    0,    0,    0,    0,    0,    0,    0,
2020097,    0,    0,    0,    0,    0,    0,    0,    0,
2020098,    0,    0,    0,    0,    0,    0,    0,    0,
2020099,    0,    0,    0,    0,    0,    0,    0,    0,
2020100,    0,    0,    0,    0,    0,    0,    0,    0,
2020101,    0,    0,    0,    0,    0,    0,    0,    0,
2020102,    0,    0,    0,    0,    0,    0,    0,    0,
2020103,    0,    0,    0,    0,    0,    0,    0,    0,
2020104,    0,    0,    0,    0,    0,    0,    0,    0,
2020105,    0,    0,    0,    0,    0,    0,    0,    0,
2020106,    0,    0,    0,    0,    0,    0,    0,    0,
2020107,    0,    0,    0,    0,    0,    0,    0,    0,
2020108,    0,    0,    0,    0,    0,    0,    0,    0,
2020109,    0,    0,    0,    0,    0,    0,    0,    0,
2020110,    0,    0,    0,    0,    0,    0,    0,    0,
2020111,    0,    0,    0,    0,    0,    0,    0,    0,
2020112,    0,    0,    0,    0,    0,    0,    0,    0,
2020113,    0,    0,    0,    0,    0,    0,    0,    0,
2020114,    0,    0,    0,    0,    0,    0,    0,    0,
2020115,    0,    0,    0,    0,    0,    0,    0,    0,
2020116,    0,    0,    0,    0,    0,    0,    0,    0,
2020117,    0,    0,    0,    0,    0,    0,    0,    0,
2020118,    0,    0,    0,    0,    0,    0,    0,    0,
2020119,    0,    0,    0,    0,    0,    0,    0,    0,
2020120,    0,    0,    0,    0,    0,    0,    0,    0,
2020121,    0,    0,    0,    0,    0,    0,    0,    0,
2020122,    0,    0,    0,    0,    0,    0,    0,    0,
2020123,    0,    0,    0,    0,    0,    0,    0,    0,
2020124,    0,    0,    0,    0,    0,    0,    0,    0,
2020125,    0,    0,    0,    0,    0,    0,    0,    0,
2020126,    0,    0,    0,    0,    0,    0,    0,    0,
2020127,    0,    0,    0,    0,    0,    0,    0,    0,
2020128,    0,    0,    0,    0,    0,    0,    0,    0,
2020129,    0,    0,    0,    0,    0,    0,    0,    0,
2020130,    0,    0,    0,    0,    0,    0,    0,    0,
2020131,    0,    0,    0,    0,    0,    0,    0,    0,
2020132,    0,    0,    0,    0,    0,    0,    0,    0,
2020133,    0,    0,    0,    0,    0,    0,    0,    0,
2020134,    0,    0,    0,    0,    0,    0,    0,    0,
2020135,    0,    0,    0,    0,    0,    0,    0,    0,
2020136,    0,    0,    0,    0,    0,    0,    0,    0,
2020137,    0,    0,    0,    0,    0,    0,    0,    0,
2020138,    0,    0,    0,    0,    0,    0,    0,    0,
2020139,    0,    0,    0,    0,    0,    0,    0,    0,
2020140,    0,    0,    0,    0,    0,    0,    0,    0,
2020141,    0,    0,    0,    0,    0,    0,    0,    0,
2020142,    0,    0,    0,    0,    0,    0,    0,    0,
2020143,    0,    0,    0,    0,    0,    0,    0,    0,
2020144,    0,    0,    0,    0,    0,    0,    0,    0,
2020145,    0,    0,    0,    0,    0,    0,    0,    0,
2020146,    0,    0,    0,    0,    0,    0,    0,    0,
2020147,    0,    0,    0,    0,    0,    0,    0,    0,
2020148,    0,    0,    1,    1,    0,    0,    1,    1,
2020149,    0,    0,    1,    1,    0,    0,    1,    1,
2020150,    0,    0,    1,    1,    0,    0,    1,    1,
2020151,    0,    0,    1,    1,    0,    0,    1,    1,
2020152,    0,    0,    1,    1,    0,    0,    1,    1,
2020153,    0,    0,    1,    1,    0,    0,    1,    1,
2020154,    0,    0,    1,    1,    0,    0,    1,    1,
2020155,    0,    0,    1,    1,    0,    0,    1,    1,
2020156,    0,    0,    1,    1,    0,    0,    1,    1,
2020157,    0,    0,    1,    1,    0,    0,    1,    1,
2020158,    0,    0,    1,    1,    0,    0,    1,    1,
2020159,    0,    0,    1,    1,    0,    0,    1,    1,
2020160,    0,    0,    1,    1,    0,    0,    1,    1,
2020161,    0,    0,    1,    1,    0,    0,    1,    1,
2020162,    0,    0,    1,    1,    0,    0,    1,    1,
2020163,    0,    0,    1,    1,    0,    0,    1,    1,
2020164,    0,    0,    1,    1,    0,    0,    1,    1,
2020165,    0,    0,    1,    1,    0,    0,    1,    1,
2020166,    0,    0,    1,    1,    0,    0,    1,    1,
2020167,    0,    0,    1,    1,    0,    0,    1,    1,
2020168,    0,    0,    1,    1,    0,    0,    1,    1,
2020169,    0,    0,    1,    1,    0,    0,    1,    1,
2020170,    0,    0,    1,    1,    0,    0,    1,    1,
2020171,    0,    0,    1,    1,    0,    0,    1,    1,
2020172,    0,    0,    1,    1,    0,    0,    1,    1,
2020173,    0,    0,    1,    1,    0,    0,    1,    1,
2020174,    0,    0,    1,    1,    0,    0,    1,    1,
2020175,    0,    0,    1,    1,    0,    0,    1,    1,
2020176,    0,    0,    1,    1,    0,    0,    1,    1,
2020177,    0,    0,    1,    1,    0,    0,    1,    1,
2020178,    0,    0,    1,    1,    0,    0,    1,    1,
2020179,    0,    0,    1,    1,    0,    0,    1,    1,
2020180,    0,    0,    1,    1,    0,    0,    1,    1,
2020181,    0,    0,    1,    1,    0,    0,    1,    1,
2020182,    0,    0,    1,    1,    0,    0,    1,    1,
2020183,    0,    0,    1,    1,    0,    0,    1,    1,
2020184,    0,    0,    1,    1,    0,    0,    1,    1,
2020185,    0,    0,    1,    1,    0,    0,    1,    1,
2020186,    0,    0,    1,    1,    0,    0,    1,    1,
2020187,    0,    0,    1,    1,    0,    0,    1,    1,
2020188,    0,    0,    1,    1,    0,    0,    1,    1,
2020189,    0,    0,    1,    1,    0,    0,    1,    1,
2020190,    0,    0,    1,    1,    0,    0,    1,    1,
2020191,    0,    0,    1,    1,    0,    0,    1,    1,
2020192,    0,    0,    1,    1,    0,    0,    1,    1,
2020193,    0,    0,    1,    1,    0,    0,    1,    1,
2020194,    0,    0,    1,    1,    0,    0,    1,    1,
2020195,    0,    0,    1,    1,    0,    0,    1,    1,
2020196,    0,    0,    1,    1,    0,    0,    1,    1,
2020197,    0,    0,    1,    1,    0,    0,    1,    1,
2020198,    0,    0,    1,    1,    0,    0,    1,    1,
2020199,    0,    0,    1,    1,    0,    0,    1,    1,
2020200,    0,    0,    1,    1,    0,    0,    1,    1,
2020201,    0,    0,    1,    1,    0,    0,    1,    1,
2020202,    0,    0,    1,    1,    0,    0,    1,    1,
2020203,    0,    0,    1,    1,    0,    0,    1,    1,
2020204,    0,    0,    1,    1,    0,    0,    1,    1,
2020205,    0,    0,    1,    1,    0,    0,    1,    1,
2020206,    0,    0,    1,    1,    0,    0,    1,    1,
2020207,    0,    0,    1,    1,    0,    0,    1,    1,
2020208,    0,    0,    1,    1,    0,    0,    1,    1,
2020209,    0,    0,    1,    1,    0,    0,    1,    1,
2020210,    0,    0,    1,    1,    0,    0,    1,    1,
2020211,    0,    0,    1,    1,    0,    0,    1,    1,
2020212,    0,    0,    1,    1,    0,    0,    1,    1,
2020213,    0,    0,    1,    1,    0,    0,    1,    1,
2020214,    0,    0,    1,    1,    0,    0,    1,    1,
2020215,    0,    0,    1,    0,    0,    0,    1,    1,
2020216,    0,    0,    1,    0,    0,    0,    1,    1,
2020217,    0,    0,    1,    0,    0,    0,    1,    1,
2020218,    0,    0,    1,    0,    0,    0,    1,    1,
2020219,    0,    0,    1,    0,    0,    0,    1,    1,
2020220,    0,    0,    1,    0,    0,    0,    1,    1,
2020221,    0,    0,    1,    0,    0,    0,    1,    1,
2020222,    0,    0,    1,    0,    0,    0,    1,    1,
2020223,    0,    0,    1,    0,    0,    0,    1,    0,
2020224,    0,    0,    1,    0,    0,    0,    1,    0,
2020225,    0,    0,    1,    0,    0,    0,    1,    0,
2020226,    0,    0,    1,    0,    0,    0,    1,    0,
2020227,    0,    0,    1,    0,    0,    0,    1,    0,
2020228,    0,    0,    1,    0,    0,    0,    1,    0,
2020229,    0,    0,    1,    0,    0,    0,    1,    0,
2020230,    0,    0,    1,    0,    0,    0,    1,    0,
2020231,    0,    0,    1,    0,    0,    0,    1,    0,
2020232,    0,    0,    1,    0,    0,    0,    1,    0,
2020233,    0,    0,    1,    0,    0,    0,    1,    0,
2020234,    0,    0,    1,    0,    0,    0,    1,    0,
2020235,    0,    0,    1,    0,    0,    0,    1,    0,
2020236,    0,    0,    1,    0,    0,    0,    1,    0,
2020237,    0,    0,    1,    0,    0,    0,    1,    0,
2020238,    0,    0,    1,    0,    0,    0,    1,    0,
2020239,    0,    0,    1,    0,    0,    0,    1,    0,
2020240,    0,    0,    1,    0,    0,    0,    1,    0,
2020241,    0,    0,    1,    0,    0,    0,    1,    0,
2020242,    0,    0,    1,    0,    0,    0,    1,    0,
2020243,    0,    0,    1,    0,    0,    0,    1,    0,
2020244,    0,    0,    1,    0,    0,    0,    1,    0,
2020245,    0,    0,    1,    0,    0,    0,    1,    0,
2020246,    0,    0,    1,    0,    0,    0,    1,    0,
2020247,    0,    0,    1,    0,    0,    0,    1,    0,
2020248,    0,    0,    1,    0,    0,    0,    1,    0,
2020249,    0,    0,    1,    0,    0,    0,    1,    0,
2020250,    0,    0,    1,    0,    0,    0,    1,    0,
2020251,    0,    0,    1,    0,    0,    0,    1,    0,
2020252,    0,    0,    1,    0,    0,    0,    1,    0,
2020253,    0,    0,    1,    0,    0,    0,    1,    0,
2020254,    0,    0,    1,    0,    0,    0,    1,    0,
2020255,    0,    0,    1,    0,    0,    0,    1,    0,
2020256,    0,    0,    1,    0,    0,    0,    1,    0,
2020257,    0,    0,    1,    0,    0,    0,    1,    0,
2020258,    0,    0,    1,    0,    0,    0,    1,    0,
2020259,    0,    0,    1,    0,    0,    0,    1,    0,
2020260,    0,    0,    1,    0,    0,    0,    1,    0,
2020261,    0,    0,    1,    0,    0,    0,    1,    1,
2020262,    1,    0,    1,    1,    0,    0,    1,    1,
2020263,    1,    0,    1,    1,    0,    0,    1,    1,
2020264,    1,    0,    1,    1,    0,    0,    1,    1,
2020265,    1,    0,    1,    1,    0,    0,    1,    1,
2020266,    1,    0,    1,    1,    0,    0,    1,    1,
2020267,    1,    0,    1,    1,    0,    0,    1,    1,
2020268,    1,    0,    1,    1,    0,    0,    1,    1,
2020269,    1,    0,    1,    1,    0,    0,    1,    1,
2020270,    1,    0,    1,    1,    0,    0,    1,    1,
2020271,    1,    0,    1,    1,    0,    0,    1,    1,
2020272,    1,    0,    1,    1,    0,    0,    1,    1,
2020273,    1,    0,    1,    1,    0,    0,    1,    1,
2020274,    1,    0,    1,    1,    0,    0,    1,    1,
2020275,    1,    0,    1,    1,    0,    0,    1,    1,
2020276,    1,    0,    1,    1,    0,    0,    1,    1,
2020277,    1,    0,    1,    1,    0,    0,    1,    1,
2020278,    1,    0,    1,    1,    0,    0,    1,    1,
2020279,    1,    0,    1,    1,    0,    0,    1,    1,
2020280,    1,    0,    1,    1,    0,    0,    1,    1,
2020281,    1,    0,    1,    1,    0,    0,    1,    1,
2020282,    1,    0,    1,    1,    0,    0,    1,    1,
2020283,    1,    0,    1,    1,    0,    0,    1,    1,
2020284,    1,    0,    1,    1,    0,    0,    1,    1,
2020285,    1,    0,    1,    1,    0,    0,    1,    1,
2020286,    1,    0,    1,    1,    0,    0,    1,    1,
2020287,    1,    0,    1,    1,    0,    0,    1,    1,
2020288,    1,    0,    1,    1,    0,    0,    1,    1,
2020289,    1,    0,    1,    1,    0,    0,    1,    1,
2020290,    1,    0,    1,    1,    0,    0,    1,    1,
2020291,    1,    0,    1,    1,    0,    0,    1,    1,
2020292,    1,    0,    1,    1,    0,    0,    1,    1,
2020293,    1,    0,    1,    1,    0,    0,    1,    1,
2020294,    1,    0,    1,    1,    0,    0,    1,    1,
2020295,    1,    0,    1,    1,    0,    0,    1,    1,
2020296,    1,    0,    1,    1,    0,    0,    1,    1,
2020297,    1,    0,    1,    1,    0,    0,    1,    1,
2020298,    1,    0,    1,    1,    0,    0,    1,    1,
2020299,    1,    0,    1,    1,    0,    0,    1,    1,
2020300,    1,    0,    1,    1,    0,    0,    1,    1,
2020301,    1,    0,    1,    1,    0,    0,    1,    1,
2020302,    1,    0,    1,    1,    0,    0,    1,    1,
2020303,    1,    0,    1,    0,    0,    0,    1,    1,
2020304,    1,    0,    1,    0,    0,    0,    1,    1,
2020305,    1,    0,    1,    0,    0,    0,    1,    1,
2020306,    1,    0,    1,    0,    0,    0,    1,    1,
2020307,    1,    0,    1,    0,    0,    0,    1,    1,
2020308,    1,    0,    1,    0,    0,    0,    1,    1,
2020309,    1,    0,    1,    0,    0,    0,    1,    1,
2020310,    1,    0,    1,    0,    0,    0,    1,    1,
2020311,    1,    0,    1,    0,    0,    0,    1,    1,
2020312,    1,    0,    1,    0,    0,    0,    1,    1,
2020313,    1,    0,    1,    0,    0,    0,    1,    1,
2020314,    1,    0,    1,    0,    0,    0,    1,    1,
2020315,    1,    0,    1,    0,    0,    0,    1,    1,
2020316,    1,    0,    1,    0,    0,    0,    1,    1,
2020317,    1,    0,    1,    0,    0,    0,    1,    1,
2020318,    1,    0,    1,    0,    0,    0,    1,    1,
2020319,    1,    0,    1,    0,    0,    0,    1,    1,
2020320,    1,    0,    1,    0,    0,    0,    1,    1,
2020321,    1,    0,    1,    0,    0,    0,    1,    1,
2020322,    1,    0,    1,    0,    0,    0,    1,    1,
2020323,    1,    0,    1,    0,    0,    0,    1,    1,
2020324,    1,    0,    1,    0,    0,    0,    1,    1,
2020325,    1,    0,    1,    0,    0,    0,    1,    1,
2020326,    1,    0,    1,    0,    0,    0,    1,    1,
2020327,    1,    0,    1,    0,    0,    0,    1,    1,
2020328,    0,    0,    1,    0,    0,    0,    1,    1,
2020329,    0,    0,    1,    0,    0,    0,    1,    1,
2020330,    0,    0,    1,    0,    0,    0,    1,    1,
2020331,    0,    0,    1,    0,    0,    0,    0,    0,
2020332,    0,    0,    1,    0,    0,    0,    0,    0,
2020333,    0,    0,    1,    0,    0,    0,    0,    0,
2020334,    0,    0,    1,    0,    0,    0,    0,    0,
2020335,    0,    0,    1,    0,    0,    0,    0,    0,
2020336,    0,    0,    1,    0,    0,    0,    0,    0,
2020337,    0,    0,    1,    0,    0,    0,    0,    0,
2020338,    0,    0,    1,    0,    0,    0,    0,    0,
2020339,    0,    0,    1,    0,    0,    0,    0,    0,
2020340,    0,    0,    1,    0,    0,    0,    0,    0,
2020341,    0,    0,    1,    0,    0,    0,    0,    0,
2020342,    0,    0,    1,    0,    0,    0,    0,    0,
2020343,    0,    0,    1,    0,    0,    0,    0,    0,
2020344,    0,    0,    1,    0,    0,    0,    0,    0,
2020345,    1,    0,    1,    0,    0,    0,    0,    0,
2020346,    1,    0,    1,    0,    0,    0,    0,    0,
2020347,    0,    0,    0,    0,    0,    0,    0,    0,
2020348,    0,    0,    0,    0,    0,    0,    0,    0,
2020349,    0,    0,    0,    0,    0,    0,    0,    0,
2020350,    0,    0,    0,    0,    0,    0,    0,    0,
2020351,    0,    0,    0,    0,    0,    0,    0,    0,
2020352,    0,    0,    0,    0,    0,    0,    0,    0,
2020353,    0,    0,    0,    0,    0,    0,    0,    0,
2020354,    0,    0,    0,    0,    0,    0,    0,    0,
2020355,    0,    0,    0,    0,    0,    0,    0,    0,
2020356,    0,    0,    0,    0,    0,    0,    0,    0,
2020357,    0,    0,    0,    0,    0,    0,    0,    0,
2020358,    0,    0,    0,    0,    0,    0,    0,    0,
2020359,    0,    0,    0,    0,    0,    0,    0,    0,
2020360,    0,    0,    0,    0,    0,    0,    0,    0,
2020361,    0,    0,    0,    0,    0,    0,    0,    0,
2020362,    0,    0,    0,    0,    0,    0,    0,    0,
2020363,    0,    0,    0,    0,    0,    0,    0,    0,
2020364,    0,    0,    0,    0,    0,    0,    0,    0,
2020365,    0,    0,    0,    0,    0,    0,    0,    0,
2020366,    0,    0,    0,    0,    0,    0,    0,    0,
2021001,    0,    0,    0,    0,    0,    0,    0,    0,
2021002,    0,    0,    0,    0,    0,    0,    0,    0,
2021003,    0,    0,    0,    0,    0,    0,    0,    0,
2021004,    0,    0,    0,    0,    0,    0,    0,    0,
2021005,    0,    0,    0,    0,    0,    0,    0,    0,
2021006,    0,    0,    0,    0,    0,    0,    0,    0,
2021007,    0,    0,    0,    0,    0,    0,    0,    0,
2021008,    0,    0,    0,    0,    0,    0,    0,    0,
2021009,    0,    0,    0,    0,    0,    0,    0,    0,
2021010,    0,    0,    0,    0,    0,    0,    0,    0,
2021011,    0,    0,    0,    0,    0,    0,    0,    0,
2021012,    0,    0,    0,    0,    0,    0,    0,    0,
2021013,    0,    0,    0,    0,    0,    0,    0,    0,
2021014,    0,    0,    0,    0,    0,    0,    0,    0,
2021015,    0,    0,    0,    0,    0,    0,    0,    0,
2021016,    0,    0,    0,    0,    0,    0,    0,    0,
2021017,    0,    0,    0,    0,    0,    0,    0,    0,
2021018,    0,    0,    0,    0,    0,    0,    0,    0,
2021019,    0,    0,    0,    0,    0,    0,    0,    0,
2021020,    0,    0,    0,    0,    0,    0,    0,    0,
2021021,    0,    0,    0,    0,    0,    0,    0,    0,
2021022,    0,    0,    0,    0,    0,    0,    0,    0,
2021023,    0,    0,    0,    0,    0,    0,    0,    0,
2021024,    0,    0,    0,    0,    0,    0,    0,    0,
2021025,    0,    0,    0,    0,    0,    0,    0,    0,
2021026,    0,    0,    0,    0,    0,    0,    0,    0,
2021027,    0,    0,    0,    0,    0,    0,    0,    0,
2021028,    0,    0,    0,    0,    0,    0,    0,    0,
2021029,    0,    0,    0,    0,    0,    0,    0,    0,
2021030,    0,    0,    0,    0,    0,    0,    0,    0,
2021031,    0,    0,    0,    0,    0,    0,    0,    0,
2021032,    0,    0,    0,    0,    0,    0,    0,    0,
2021033,    0,    0,    0,    0,    0,    0,    0,    0,
2021034,    0,    0,    0,    0,    0,    0,    0,    0,
2021035,    0,    0,    0,    0,    0,    0,    0,    0,
2021036,    0,    0,    0,    0,    0,    0,    0,    0,
